"SourceUrl","SourcePath","FinalUrl","Status","ContentType","Title","H1","SourceType","CrawlAction","NewAction","NewTarget","Bucket","Note"
"https://www.arctic-spas.cz/","/","https://www.arctic-spas.cz/","200","text/html","Venkovní vířivky Arctic Spas","Nová modelová řada CUSTOM","home","migrate_page","migrate_page","/","home","Homepage is rebuilt in the Figma HP template."
"https://www.arctic-spas.cz/akce-virivky.php","/akce-virivky.php","https://www.arctic-spas.cz/akce-virivky.php","200","text/html","Akční nabídky vířivek Arctic Spas","Akční nabídky vířivek","content_page","review_migrate_page","redirect_consolidated","/virivky/","content_redirect","Consolidated into an existing Figma page or product/category page."
"https://www.arctic-spas.cz/akce-vyhoda.php","/akce-vyhoda.php","https://www.arctic-spas.cz/akce-vyhoda.php","200","text/html","Akční nabídky vířivek","PODZIMNÍ NABÍDKA VÍŘIVEK","content_page","review_migrate_page","redirect_consolidated","/virivky/","content_redirect","Consolidated into an existing Figma page or product/category page."
"https://www.arctic-spas.cz/akce-vystava.php","/akce-vystava.php","https://www.arctic-spas.cz/akce-vystava.php","200","text/html","Akce - vířivky","VÝPRODEJ VÍŘIVEK A KOUPACÍCH SUDŮ","content_page","review_migrate_page","redirect_consolidated","/virivky/","content_redirect","Consolidated into an existing Figma page or product/category page."
"https://www.arctic-spas.cz/arctic-bazeny.php","/arctic-bazeny.php","https://www.arctic-spas.cz/arctic-bazeny.php","200","text/html","Venkovní swimspa Arctic Spas","Venkovní swimspa Arctic - celoroční bazény","content_page","review_migrate_page","redirect_consolidated","/swimspa/","content_redirect","Consolidated into an existing Figma page or product/category page."
"https://www.arctic-spas.cz/arctic-swimspa.php","/arctic-swimspa.php","https://www.arctic-spas.cz/arctic-swimspa.php","200","text/html","Luxusní venkovní swimspa Arctic","Venkovní swimspa Arctic","content_page","review_migrate_page","redirect_consolidated","/swimspa/","content_redirect","Consolidated into an existing Figma page or product/category page."
"https://www.arctic-spas.cz/arctic-virivky.php","/arctic-virivky.php","https://www.arctic-spas.cz/arctic-virivky.php","200","text/html","Venkovní vířivky Arctic Spas","Venkovní vířivky Arctic Spas","content_page","review_migrate_page","redirect_consolidated","/virivky/","content_redirect","Consolidated into an existing Figma page or product/category page."
"https://www.arctic-spas.cz/arctic-virivky-venkovni.php","/arctic-virivky-venkovni.php","https://www.arctic-spas.cz/arctic-virivky-venkovni.php","200","text/html","Luxusní venkovní vířivky Arctic Spas","Venkovní vířivky Arctic Spas","content_page","review_migrate_page","redirect_consolidated","/virivky/","content_redirect","Consolidated into an existing Figma page or product/category page."
"https://www.arctic-spas.cz/barva-skorepiny.php","/barva-skorepiny.php","https://www.arctic-spas.cz/barva-skorepiny.php","200","text/html","Barvy akrylátového povrchu vířivky - Arctic Spas","Barvy akrylátu pro vířivky Arctic Spas","content_page","review_migrate_page","redirect_consolidated","/virivky/","content_redirect","Consolidated into an existing Figma page or product/category page."
"https://www.arctic-spas.cz/barva-skorepiny-core.php","/barva-skorepiny-core.php","https://www.arctic-spas.cz/barva-skorepiny-core.php","200","text/html","Barvy akrylátového povrchu vířivky - Arctic Spas","Barvy akrylátu pro vířivky řady Core","content_page","review_migrate_page","redirect_consolidated","/virivky/","content_redirect","Consolidated into an existing Figma page or product/category page."
"https://www.arctic-spas.cz/baspa.php","/baspa.php","https://www.arctic-spas.cz/baspa.php","200","text/html","Baspa - prodej vířivek","O nás","content_page","review_migrate_page","redirect_consolidated","/o-nas/","content_redirect","Consolidated into an existing Figma page or product/category page."
"https://www.arctic-spas.cz/bazen-athabascan.php","/bazen-athabascan.php","https://www.arctic-spas.cz/bazen-athabascan.php","200","text/html","Swimspa Athabascan - Arctic celoroční bazény","Celoroční bazén Athabascan swimspa","product_swimspa","migrate_product","migrate_product","/product/athabascan/","product_swimspa","Active swimspa product in the WordPress product CPT."
"https://www.arctic-spas.cz/bazen-hudson.php","/bazen-hudson.php","https://www.arctic-spas.cz/bazen-hudson.php","200","text/html","Swimspa Hudson - Arctic celoroční bazény","Celoroční bazén Hudson swimspa","product_swimspa","migrate_product","migrate_product","/product/hudson/","product_swimspa","Active swimspa product in the WordPress product CPT."
"https://www.arctic-spas.cz/bazen-kingfisher.php","/bazen-kingfisher.php","https://www.arctic-spas.cz/bazen-kingfisher.php","200","text/html","Swimspa Kingfisher - Arctic celoroční bazény","Celoroční bazén Kingfisher swimspa","product_swimspa","migrate_product","migrate_product","/product/kingfisher/","product_swimspa","Active swimspa product in the WordPress product CPT."
"https://www.arctic-spas.cz/bazen-ocean.php","/bazen-ocean.php","https://www.arctic-spas.cz/bazen-ocean.php","200","text/html","Swimspa Arctic Ocean - Arctic celoroční bazény","Celoroční bazén Arctic Ocean swimspa","product_swimspa","migrate_product","migrate_product","/product/ocean/","product_swimspa","Active swimspa product in the WordPress product CPT."
"https://www.arctic-spas.cz/bazen-okanagan.php","/bazen-okanagan.php","https://www.arctic-spas.cz/bazen-okanagan.php","200","text/html","Swimspa Okanagan - Arctic celoroční bazény","Celoroční bazén Okanagan swimspa","product_swimspa","migrate_product","migrate_product","/product/okanagan/","product_swimspa","Active swimspa product in the WordPress product CPT."
"https://www.arctic-spas.cz/bazen-wolverine.php","/bazen-wolverine.php","https://www.arctic-spas.cz/bazen-wolverine.php","200","text/html","Swimspa Wolverine - Arctic celoroční bazény","Celoroční bazén Wolverine swimspa","product_swimspa","migrate_product","migrate_product","/product/wolverine/","product_swimspa","Active swimspa product in the WordPress product CPT."
"https://www.arctic-spas.cz/cedrove-doplnky.php","/cedrove-doplnky.php","https://www.arctic-spas.cz/cedrove-doplnky.php","200","text/html","Cedrové doplňky k vířivkám Arctic","Doplňky z cedru","content_page","review_migrate_page","redirect_consolidated","/product/prislusenstvi-a-doplnky/","content_redirect","Consolidated into an existing Figma page or product/category page."
"https://www.arctic-spas.cz/cerpadla-core.php","/cerpadla-core.php","https://www.arctic-spas.cz/cerpadla-core.php","200","text/html","Výkonná čerpadla - skvělá masáž","Čerpadla vířivek Arctic Spas vysoká účinnost","content_page","review_migrate_page","redirect_consolidated","/virivky/","content_redirect","Consolidated into an existing Figma page or product/category page."
"https://www.arctic-spas.cz/certifikaty.php","/certifikaty.php","https://www.arctic-spas.cz/certifikaty.php","200","text/html","Certifikáty - Arctic Spas","Bezpečnostní certifikáty","content_page","review_migrate_page","redirect_consolidated","/certifikaty/","content_redirect","Consolidated into an existing Figma page or product/category page."
"https://www.arctic-spas.cz/content/download/2020/navod-arctic-classic-2020.pdf","/content/download/2020/navod-arctic-classic-2020.pdf","https://www.arctic-spas.cz/content/download/2020/navod-arctic-classic-2020.pdf","200","application/pdf","","","download_asset","review_download","import_download","/ke-stazeni/","download","Import as download CPT/media; old PDF URL redirects dynamically when media exists."
"https://www.arctic-spas.cz/content/download/2020/navod-arctic-core-2020.pdf","/content/download/2020/navod-arctic-core-2020.pdf","https://www.arctic-spas.cz/content/download/2020/navod-arctic-core-2020.pdf","200","application/pdf","","","download_asset","review_download","import_download","/ke-stazeni/","download","Import as download CPT/media; old PDF URL redirects dynamically when media exists."
"https://www.arctic-spas.cz/content/download/2020/navod-arctic-custom-2020.pdf","/content/download/2020/navod-arctic-custom-2020.pdf","https://www.arctic-spas.cz/content/download/2020/navod-arctic-custom-2020.pdf","200","application/pdf","","","download_asset","review_download","import_download","/ke-stazeni/","download","Import as download CPT/media; old PDF URL redirects dynamically when media exists."
"https://www.arctic-spas.cz/content/download/AS-Brochure-2022_cz.pdf","/content/download/AS-Brochure-2022_cz.pdf","https://www.arctic-spas.cz/content/download/AS-Brochure-2022_cz.pdf","200","application/pdf","","","download_asset","review_download","import_download","/ke-stazeni/","download","Import as download CPT/media; old PDF URL redirects dynamically when media exists."
"https://www.arctic-spas.cz/content/download/as-sluzby-cenik-2022.pdf","/content/download/as-sluzby-cenik-2022.pdf","https://arctic-spas.cz/404.php","200","text/html","404 \ Arctic Spas","404","download_asset","review_download","skip_missing_download","/ke-stazeni/","download_missing","Live URL resolves to non-PDF content; do not import unless the client supplies the file."
"https://www.arctic-spas.cz/content/download/economy-mode.pdf","/content/download/economy-mode.pdf","https://www.arctic-spas.cz/content/download/economy-mode.pdf","200","application/pdf","","","download_asset","review_download","import_download","/ke-stazeni/","download","Import as download CPT/media; old PDF URL redirects dynamically when media exists."
"https://www.arctic-spas.cz/content/download/equipment-location.pdf","/content/download/equipment-location.pdf","https://www.arctic-spas.cz/content/download/equipment-location.pdf","200","application/pdf","","","download_asset","review_download","import_download","/ke-stazeni/","download","Import as download CPT/media; old PDF URL redirects dynamically when media exists."
"https://www.arctic-spas.cz/content/download/navod-arctic-2010.pdf","/content/download/navod-arctic-2010.pdf","https://www.arctic-spas.cz/content/download/navod-arctic-2010.pdf","200","application/pdf","","","download_asset","review_download","import_download","/ke-stazeni/","download","Import as download CPT/media; old PDF URL redirects dynamically when media exists."
"https://www.arctic-spas.cz/content/download/navod-arctic-2015.pdf","/content/download/navod-arctic-2015.pdf","https://www.arctic-spas.cz/content/download/navod-arctic-2015.pdf","200","application/pdf","","","download_asset","review_download","import_download","/ke-stazeni/","download","Import as download CPT/media; old PDF URL redirects dynamically when media exists."
"https://www.arctic-spas.cz/content/download/navod-arctic-2018.pdf","/content/download/navod-arctic-2018.pdf","https://www.arctic-spas.cz/content/download/navod-arctic-2018.pdf","200","application/pdf","","","download_asset","review_download","import_download","/ke-stazeni/","download","Import as download CPT/media; old PDF URL redirects dynamically when media exists."
"https://www.arctic-spas.cz/content/download/navod-arctic-2020-en.pdf","/content/download/navod-arctic-2020-en.pdf","https://www.arctic-spas.cz/content/download/navod-arctic-2020-en.pdf","200","application/pdf","","","download_asset","review_download","import_download","/ke-stazeni/","download","Import as download CPT/media; old PDF URL redirects dynamically when media exists."
"https://www.arctic-spas.cz/content/download/navod-coyote.pdf","/content/download/navod-coyote.pdf","https://www.arctic-spas.cz/content/download/navod-coyote.pdf","200","application/pdf","","","download_asset","review_download","import_download","/ke-stazeni/","download","Import as download CPT/media; old PDF URL redirects dynamically when media exists."
"https://www.arctic-spas.cz/content/download/navod-onzen.pdf","/content/download/navod-onzen.pdf","https://www.arctic-spas.cz/content/download/navod-onzen.pdf","200","application/pdf","","","download_asset","review_download","import_download","/ke-stazeni/","download","Import as download CPT/media; old PDF URL redirects dynamically when media exists."
"https://www.arctic-spas.cz/content/download/navod-spaboy-2017.pdf","/content/download/navod-spaboy-2017.pdf","https://www.arctic-spas.cz/content/download/navod-spaboy-2017.pdf","200","application/pdf","","","download_asset","review_download","import_download","/ke-stazeni/","download","Import as download CPT/media; old PDF URL redirects dynamically when media exists."
"https://www.arctic-spas.cz/content/download/navod-veslarsky-trenazer.pdf","/content/download/navod-veslarsky-trenazer.pdf","https://www.arctic-spas.cz/content/download/navod-veslarsky-trenazer.pdf","200","application/pdf","","","download_asset","review_download","import_download","/ke-stazeni/","download","Import as download CPT/media; old PDF URL redirects dynamically when media exists."
"https://www.arctic-spas.cz/content/download/rozmery/rozmery-7-in.pdf","/content/download/rozmery/rozmery-7-in.pdf","https://www.arctic-spas.cz/content/download/rozmery/rozmery-7-in.pdf","200","application/pdf","","","download_asset","review_download","import_download","/ke-stazeni/","download","Import as download CPT/media; old PDF URL redirects dynamically when media exists."
"https://www.arctic-spas.cz/content/download/rozmery/rozmery-8-in.pdf","/content/download/rozmery/rozmery-8-in.pdf","https://www.arctic-spas.cz/content/download/rozmery/rozmery-8-in.pdf","200","application/pdf","","","download_asset","review_download","import_download","/ke-stazeni/","download","Import as download CPT/media; old PDF URL redirects dynamically when media exists."
"https://www.arctic-spas.cz/content/download/rozmery/rozmery-fox-in.pdf","/content/download/rozmery/rozmery-fox-in.pdf","https://www.arctic-spas.cz/content/download/rozmery/rozmery-fox-in.pdf","200","application/pdf","","","download_asset","review_download","import_download","/ke-stazeni/","download","Import as download CPT/media; old PDF URL redirects dynamically when media exists."
"https://www.arctic-spas.cz/content/download/rozmery/rozmery-frontier-in.pdf","/content/download/rozmery/rozmery-frontier-in.pdf","https://www.arctic-spas.cz/content/download/rozmery/rozmery-frontier-in.pdf","200","application/pdf","","","download_asset","review_download","import_download","/ke-stazeni/","download","Import as download CPT/media; old PDF URL redirects dynamically when media exists."
"https://www.arctic-spas.cz/content/download/rozmery/rozmery-ocean-in.pdf","/content/download/rozmery/rozmery-ocean-in.pdf","https://www.arctic-spas.cz/content/download/rozmery/rozmery-ocean-in.pdf","200","application/pdf","","","download_asset","review_download","import_download","/ke-stazeni/","download","Import as download CPT/media; old PDF URL redirects dynamically when media exists."
"https://www.arctic-spas.cz/content/download/rozmery/rozmery-summitxl-in.pdf","/content/download/rozmery/rozmery-summitxl-in.pdf","https://www.arctic-spas.cz/content/download/rozmery/rozmery-summitxl-in.pdf","200","application/pdf","","","download_asset","review_download","import_download","/ke-stazeni/","download","Import as download CPT/media; old PDF URL redirects dynamically when media exists."
"https://www.arctic-spas.cz/content/download/rozmery/rozmery-timberwolf-in.pdf","/content/download/rozmery/rozmery-timberwolf-in.pdf","https://www.arctic-spas.cz/content/download/rozmery/rozmery-timberwolf-in.pdf","200","application/pdf","","","download_asset","review_download","import_download","/ke-stazeni/","download","Import as download CPT/media; old PDF URL redirects dynamically when media exists."
"https://www.arctic-spas.cz/content/download/stavebni-pripravenost.pdf","/content/download/stavebni-pripravenost.pdf","https://www.arctic-spas.cz/content/download/stavebni-pripravenost.pdf","200","application/pdf","","","download_asset","review_download","import_download","/ke-stazeni/","download","Import as download CPT/media; old PDF URL redirects dynamically when media exists."
"https://www.arctic-spas.cz/content/download/zaklady-upravy-vody.pdf","/content/download/zaklady-upravy-vody.pdf","https://www.arctic-spas.cz/content/download/zaklady-upravy-vody.pdf","200","application/pdf","","","download_asset","review_download","import_download","/ke-stazeni/","download","Import as download CPT/media; old PDF URL redirects dynamically when media exists."
"https://www.arctic-spas.cz/content/download/zaruky/zaruky-arctic.pdf","/content/download/zaruky/zaruky-arctic.pdf","https://www.arctic-spas.cz/content/download/zaruky/zaruky-arctic.pdf","200","application/pdf","","","download_asset","review_download","import_download","/ke-stazeni/","download","Import as download CPT/media; old PDF URL redirects dynamically when media exists."
"https://www.arctic-spas.cz/content/download/zaruky/zaruky-bear.pdf","/content/download/zaruky/zaruky-bear.pdf","https://www.arctic-spas.cz/content/download/zaruky/zaruky-bear.pdf","200","application/pdf","","","download_asset","review_download","import_download","/ke-stazeni/","download","Import as download CPT/media; old PDF URL redirects dynamically when media exists."
"https://www.arctic-spas.cz/content/img/vybava/onspa/moznosti-pripojeni-do-site.pdf","/content/img/vybava/onspa/moznosti-pripojeni-do-site.pdf","https://www.arctic-spas.cz/content/img/vybava/onspa/moznosti-pripojeni-do-site.pdf","200","application/pdf","","","download_asset","review_download","import_download","/ke-stazeni/","download","Import as download CPT/media; old PDF URL redirects dynamically when media exists."
"https://www.arctic-spas.cz/cookies.php","/cookies.php","https://www.arctic-spas.cz/cookies.php","200","text/html","Přehled využívaných cookies","Přehled využívaných cookies","content_page","review_migrate_page","redirect_consolidated","/ochrana-osobnich-udaju/","content_redirect","Consolidated into an existing Figma page or product/category page."
"https://www.arctic-spas.cz/covana.php","/covana.php","https://www.arctic-spas.cz/covana.php","200","text/html","Automatický kryt vířivky - Covana","Automatický termokryt - altánek","product_other_sortiment","review_product_or_external","migrate_product_or_landing","/product/covana/","product_other_sortiment","Wider assortment item in the shared product CPT or landing mode."
"https://www.arctic-spas.cz/digitalni-rizeni.php","/digitalni-rizeni.php","https://www.arctic-spas.cz/digitalni-rizeni.php","200","text/html","Digitální ovládání vířivky - Arctic Spas","Řízeno počítačem","content_page","review_migrate_page","redirect_consolidated","/virivky/","content_redirect","Consolidated into an existing Figma page or product/category page."
"https://www.arctic-spas.cz/digitalni-rizeni-gecko.php","/digitalni-rizeni-gecko.php","https://www.arctic-spas.cz/digitalni-rizeni-gecko.php","200","text/html","Gecko - digitální ovládání vířivky - Arctic Spas","Řídicí systém Gecko","content_page","review_migrate_page","redirect_consolidated","/virivky/","content_redirect","Consolidated into an existing Figma page or product/category page."
"https://www.arctic-spas.cz/diskuze.php","/diskuze.php","https://www.arctic-spas.cz/diskuze.php","200","text/html","Odkazy - Arctic Spas","Reference a diskuze o vířivkách","content_page","review_migrate_page","redirect_consolidated","/podpora/","content_redirect","Consolidated into an existing Figma page or product/category page."
"https://www.arctic-spas.cz/download.php","/download.php","https://www.arctic-spas.cz/download.php","200","text/html","Ke stažení - vířivky Arctic Spas","Ke stažení - katalogy a manuály","content_page","review_migrate_page","redirect_consolidated","/ke-stazeni/","content_redirect","Consolidated into an existing Figma page or product/category page."
"https://www.arctic-spas.cz/faq.php","/faq.php","https://www.arctic-spas.cz/faq.php","200","text/html","FAQ - časté otázky","Časté otázky FAQ","content_page","review_migrate_page","redirect_consolidated","/podpora/","content_redirect","Consolidated into an existing Figma page or product/category page."
"https://www.arctic-spas.cz/filtrace-smart-virivky.php","/filtrace-smart-virivky.php","https://www.arctic-spas.cz/filtrace-smart-virivky.php","200","text/html","Filtrace Smart u vířivek Arctic Spas","Progresivní Smart filtrace","content_page","review_migrate_page","redirect_consolidated","/virivky/","content_redirect","Consolidated into an existing Figma page or product/category page."
"https://www.arctic-spas.cz/filtrace-virivky.php","/filtrace-virivky.php","https://www.arctic-spas.cz/filtrace-virivky.php","200","text/html","Filtrace u vířivek Arctic Spas","Dvojitý skimmer pro aktivní filtraci","content_page","review_migrate_page","redirect_consolidated","/virivky/","content_redirect","Consolidated into an existing Figma page or product/category page."
"https://www.arctic-spas.cz/filtrace-virivky-core.php","/filtrace-virivky-core.php","https://www.arctic-spas.cz/filtrace-virivky-core.php","200","text/html","Filtrace u vířivek Arctic Spas","Skimmer pro aktivní filtraci","content_page","review_migrate_page","redirect_consolidated","/virivky/","content_redirect","Consolidated into an existing Figma page or product/category page."
"https://www.arctic-spas.cz/filtry.php","/filtry.php","https://www.arctic-spas.cz/filtry.php","200","text/html","Filtry pro vířivky Arctic Spas","Náhradní filtry do vířivky","content_page","review_migrate_page","redirect_consolidated","/product/prislusenstvi-a-doplnky/","content_redirect","Consolidated into an existing Figma page or product/category page."
"https://www.arctic-spas.cz/fotogalerie-virivky.php","/fotogalerie-virivky.php","https://www.arctic-spas.cz/fotogalerie-virivky.php","200","text/html","Fotogalerie vířivky - Arctic Spas","Fotogalerie vířivek a swimspa","content_page","review_migrate_page","redirect_consolidated","/virivky/","content_redirect","Consolidated into an existing Figma page or product/category page."
"https://www.arctic-spas.cz/hudba.php","/hudba.php","https://www.arctic-spas.cz/hudba.php","200","text/html","Hudební systémy do vířivek Arctic Spas","Hudební systémy","content_page","review_migrate_page","redirect_consolidated","/virivky/","content_redirect","Consolidated into an existing Figma page or product/category page."
"https://www.arctic-spas.cz/index.php","/index.php","https://www.arctic-spas.cz/index.php","200","text/html","Venkovní vířivky Arctic Spas","Nová modelová řada CUSTOM","home","migrate_page","migrate_page","/","home","Homepage is rebuilt in the Figma HP template."
"https://www.arctic-spas.cz/in-touch.php","/in-touch.php","https://www.arctic-spas.cz/in-touch.php","200","text/html","in.touch 2 - dálkové ovládání vířivky - Arctic Spas","in.touch 2 - kontrola přes internet","content_page","review_migrate_page","redirect_consolidated","/virivky/","content_redirect","Consolidated into an existing Figma page or product/category page."
"https://www.arctic-spas.cz/izolace-heatlock.php","/izolace-heatlock.php","https://www.arctic-spas.cz/izolace-heatlock.php","200","text/html","Izolace vířivky - Arctic Spas - Heatlock","Obvodová izolace Heatlock ®","content_page","review_migrate_page","redirect_consolidated","/vlastnosti/izolace-virivky/","content_redirect","Consolidated into an existing Figma page or product/category page."
"https://www.arctic-spas.cz/izolace-virivky.php","/izolace-virivky.php","https://www.arctic-spas.cz/izolace-virivky.php","200","text/html","Izolace vířivky - Arctic Spas","Obvodová izolace FreeHeat™","content_page","review_migrate_page","redirect_consolidated","/vlastnosti/izolace-virivky/","content_redirect","Consolidated into an existing Figma page or product/category page."
"https://www.arctic-spas.cz/kabinet-cedr.php","/kabinet-cedr.php","https://www.arctic-spas.cz/kabinet-cedr.php","200","text/html","Cedrový kabinet vířivky - Arctic Spas","Kabinet z kanadského červeného cedru","content_page","review_migrate_page","redirect_consolidated","/virivky/","content_redirect","Consolidated into an existing Figma page or product/category page."
"https://www.arctic-spas.cz/kabinet-core.php","/kabinet-core.php","https://www.arctic-spas.cz/kabinet-core.php","200","text/html","Bezúdržbový kabinet vířivky - Arctic Spas - Core","Bezúdržbový kabinet Core","content_page","review_migrate_page","redirect_consolidated","/virivky/","content_redirect","Consolidated into an existing Figma page or product/category page."
"https://www.arctic-spas.cz/kabinet-flex.php","/kabinet-flex.php","https://www.arctic-spas.cz/kabinet-flex.php","200","text/html","Bezúdržbový kabinet vířivky - Arctic Spas","Bezúdržbový kabinet","content_page","review_migrate_page","redirect_consolidated","/virivky/","content_redirect","Consolidated into an existing Figma page or product/category page."
"https://www.arctic-spas.cz/kariera.php","/kariera.php","https://www.arctic-spas.cz/kariera.php","200","text/html","Bazény a vířivky - kariére","Kariéra u nás","content_page","review_migrate_page","redirect_consolidated","/o-nas/","content_redirect","Consolidated into an existing Figma page or product/category page."
"https://www.arctic-spas.cz/kolik-stoji-provoz-udrzba-virivky.php","/kolik-stoji-provoz-udrzba-virivky.php","https://www.arctic-spas.cz/kolik-stoji-provoz-udrzba-virivky.php","200","text/html","Kolik stojí provoz a údržba vířivky","Kolik stojí provoz a údržba vířivky?","content_page","review_migrate_page","redirect_consolidated","/kolik-stoji-udrzba/","content_redirect","Consolidated into an existing Figma page or product/category page."
"https://www.arctic-spas.cz/komfort-masaz.php","/komfort-masaz.php","https://www.arctic-spas.cz/komfort-masaz.php","200","text/html","Komfort, masáž, terapie - Arctic Spas","Komfort a terapie ve vířivkách Arctic","content_page","review_migrate_page","redirect_consolidated","/virivky/","content_redirect","Consolidated into an existing Figma page or product/category page."
"https://www.arctic-spas.cz/kontakt.php","/kontakt.php","https://www.arctic-spas.cz/kontakt.php","200","text/html","Venkovní vířivky - kontakt","Kontaktní informace","content_page","review_migrate_page","redirect_consolidated","/kontakt/","content_redirect","Consolidated into an existing Figma page or product/category page."
"https://www.arctic-spas.cz/koupaci-sudy-kirami.php","/koupaci-sudy-kirami.php","https://www.arctic-spas.cz/koupaci-sudy-kirami.php","200","text/html","Koupací sudy Kirami","Koupací sudy Kirami","product_other_sortiment","review_product_or_external","migrate_product_or_landing","/product/koupaci-sudy-kirami/","product_other_sortiment","Wider assortment item in the shared product CPT or landing mode."
"https://www.arctic-spas.cz/kyslikova-koupel.php","/kyslikova-koupel.php","https://www.arctic-spas.cz/kyslikova-koupel.php","200","text/html","Venkovní vířivky Arctic Spas","Nová modelová řada CUSTOM","content_page","review_migrate_page","redirect_consolidated","/virivky/","content_redirect","Consolidated into an existing Figma page or product/category page."
"https://www.arctic-spas.cz/odkazy.php","/odkazy.php","https://www.arctic-spas.cz/odkazy.php","200","text/html","Odkazy - Arctic Spas","Odkazy na výrobce, prodejce a další","content_page","review_migrate_page","redirect_consolidated","/podpora/","content_redirect","Consolidated into an existing Figma page or product/category page."
"https://www.arctic-spas.cz/on-spa.php","/on-spa.php","https://www.arctic-spas.cz/on-spa.php","200","text/html","OnSpa® - dálkové ovládání vířivky - Arctic Spas","OnSpa © dálkové ovládání","content_page","review_migrate_page","redirect_consolidated","/virivky/","content_redirect","Consolidated into an existing Figma page or product/category page."
"https://www.arctic-spas.cz/onzen.php","/onzen.php","https://www.arctic-spas.cz/onzen.php","200","text/html","Onzen™ - systém slané vody","Onzen™ slaná voda ve vířivce","content_page","review_migrate_page","redirect_consolidated","/virivky/","content_redirect","Consolidated into an existing Figma page or product/category page."
"https://www.arctic-spas.cz/operky-hlavy.php","/operky-hlavy.php","https://www.arctic-spas.cz/operky-hlavy.php","200","text/html","Opěrky hlavy - Arctic Spas","Nastavitelné opěrky hlavy","content_page","review_migrate_page","redirect_consolidated","/product/prislusenstvi-a-doplnky/","content_redirect","Consolidated into an existing Figma page or product/category page."
"https://www.arctic-spas.cz/operky-hlavy-core.php","/operky-hlavy-core.php","https://www.arctic-spas.cz/operky-hlavy-core.php","200","text/html","Opěrky hlavy - Arctic Spas","Opěrky hlavy","content_page","review_migrate_page","redirect_consolidated","/product/prislusenstvi-a-doplnky/","content_redirect","Consolidated into an existing Figma page or product/category page."
"https://www.arctic-spas.cz/ozonova-desinfekce-peak.php","/ozonova-desinfekce-peak.php","https://www.arctic-spas.cz/ozonova-desinfekce-peak.php","200","text/html","Peak - ozónová desinfekce","Systém Peak Ozone","content_page","review_migrate_page","redirect_consolidated","/virivky/","content_redirect","Consolidated into an existing Figma page or product/category page."
"https://www.arctic-spas.cz/ozonova-uv-desinfekce.php","/ozonova-uv-desinfekce.php","https://www.arctic-spas.cz/ozonova-uv-desinfekce.php","200","text/html","Aquanova - ozónová a UV desinfekce","Aquanova systém UV / OZON","content_page","review_migrate_page","redirect_consolidated","/virivky/","content_redirect","Consolidated into an existing Figma page or product/category page."
"https://www.arctic-spas.cz/plavaci-systemy.php","/plavaci-systemy.php","https://www.arctic-spas.cz/plavaci-systemy.php","200","text/html","Systémy pro plavání ve swimspa","Systémy pro plavání","content_page","review_migrate_page","redirect_consolidated","/swimspa/","content_redirect","Consolidated into an existing Figma page or product/category page."
"https://www.arctic-spas.cz/podlaha-everlast.php","/podlaha-everlast.php","https://www.arctic-spas.cz/podlaha-everlast.php","200","text/html","Podlaha Everlast - vířivky Arctic Spas","Podlaha Everlast™","content_page","review_migrate_page","redirect_consolidated","/virivky/","content_redirect","Consolidated into an existing Figma page or product/category page."
"https://www.arctic-spas.cz/podlaha-virivky.php","/podlaha-virivky.php","https://www.arctic-spas.cz/podlaha-virivky.php","200","text/html","Podlaha Forever Floor - vířivky Arctic Spas","Podlaha Forever Floor™ Vestavěný základ.","content_page","review_migrate_page","redirect_consolidated","/virivky/","content_redirect","Consolidated into an existing Figma page or product/category page."
"https://www.arctic-spas.cz/potrubi.php","/potrubi.php","https://www.arctic-spas.cz/potrubi.php","200","text/html","Hadice a potrubí - Arctic Spas","Hadice Reflex Torsion Hose © ve vířivkách Arctic","content_page","review_migrate_page","redirect_consolidated","/virivky/","content_redirect","Consolidated into an existing Figma page or product/category page."
"https://www.arctic-spas.cz/prislusenstvi-doplnky.php","/prislusenstvi-doplnky.php","https://www.arctic-spas.cz/prislusenstvi-doplnky.php","200","text/html","Příslušenství k vířivkám","Příslušenství a další sortiment","product_other_sortiment","review_product_or_external","migrate_product_or_landing","/product/prislusenstvi-a-doplnky/","product_other_sortiment","Wider assortment item in the shared product CPT or landing mode."
"https://www.arctic-spas.cz/prodejna-bazeny-virivky.php","/prodejna-bazeny-virivky.php","https://www.arctic-spas.cz/prodejna-bazeny-virivky.php","200","text/html","Prodejna vířivek","Showroom vířivek a bazénů","content_page","review_migrate_page","redirect_consolidated","/showroom/","content_redirect","Consolidated into an existing Figma page or product/category page."
"https://www.arctic-spas.cz/sauny.php","/sauny.php","https://www.arctic-spas.cz/sauny.php","200","text/html","Luxusní finské sauny","Sauny","product_other_sortiment","review_product_or_external","migrate_product_or_landing","/product/sauny/","product_other_sortiment","Wider assortment item in the shared product CPT or landing mode."
"https://www.arctic-spas.cz/sds.php","/sds.php","https://www.arctic-spas.cz/sds.php","200","text/html","SDS silná masáž, terapie - Arctic Spas","Super Duper ve vířivkách Arctic","content_page","review_migrate_page","redirect_consolidated","/virivky/","content_redirect","Consolidated into an existing Figma page or product/category page."
"https://www.arctic-spas.cz/servis.php","/servis.php","https://www.arctic-spas.cz/servis.php","200","text/html","Servis vířivek Arctic Spas","Servis vířivek Arctic Spas","content_page","review_migrate_page","redirect_consolidated","/servis/","content_redirect","Consolidated into an existing Figma page or product/category page."
"https://www.arctic-spas.cz/servisni-pristup.php","/servisni-pristup.php","https://www.arctic-spas.cz/servisni-pristup.php","200","text/html","Servisní přístup - Arctic Spas","Servisní přístup","content_page","review_migrate_page","redirect_consolidated","/vlastnosti/","content_redirect","Consolidated into an existing Figma page or product/category page."
"https://www.arctic-spas.cz/servisni-pristup-core.php","/servisni-pristup-core.php","https://www.arctic-spas.cz/servisni-pristup-core.php","200","text/html","Servisní přístup - Arctic Spas","Servisní přístup","content_page","review_migrate_page","redirect_consolidated","/vlastnosti/","content_redirect","Consolidated into an existing Figma page or product/category page."
"https://www.arctic-spas.cz/skorepina-elastocast.php","/skorepina-elastocast.php","https://www.arctic-spas.cz/skorepina-elastocast.php","200","text/html","Skořepina Elastocast - Arctic Spas","Samonosná skořepina Elastocast","content_page","review_migrate_page","redirect_consolidated","/virivky/","content_redirect","Consolidated into an existing Figma page or product/category page."
"https://www.arctic-spas.cz/skorepina-virivky.php","/skorepina-virivky.php","https://www.arctic-spas.cz/skorepina-virivky.php","200","text/html","Skořepina vířivky - Arctic Spas","Samonosná kompozitní skořepina s doživotní zárukou","content_page","review_migrate_page","redirect_consolidated","/virivky/","content_redirect","Consolidated into an existing Figma page or product/category page."
"https://www.arctic-spas.cz/skyfall.php","/skyfall.php","https://www.arctic-spas.cz/skyfall.php","200","text/html","Mlžný vodopád s LED podsvětlením","Mlžný vodopád Skyfall ®","content_page","review_migrate_page","redirect_consolidated","/virivky/","content_redirect","Consolidated into an existing Figma page or product/category page."
"https://www.arctic-spas.cz/sluzby.php","/sluzby.php","https://www.arctic-spas.cz/sluzby.php","200","text/html","Prodej a servis vířivek","Naše služby","content_page","review_migrate_page","redirect_consolidated","/sluzby/","content_redirect","Consolidated into an existing Figma page or product/category page."
"https://www.arctic-spas.cz/spa-boy.php","/spa-boy.php","https://www.arctic-spas.cz/spa-boy.php","200","text/html","SpaBoy - automatická dezinfekce slané vody","Automatická péče o vodu Spa Boy™","content_page","review_migrate_page","redirect_consolidated","/virivky/","content_redirect","Consolidated into an existing Figma page or product/category page."
"https://www.arctic-spas.cz/stavebni-pripravenost.php","/stavebni-pripravenost.php","https://www.arctic-spas.cz/stavebni-pripravenost.php","200","text/html","Stavební příprava pro vířivky Arctic Spas","Stavební připravenost pro vířivky Arctic Spas","content_page","review_migrate_page","redirect_consolidated","/ke-stazeni/","content_redirect","Consolidated into an existing Figma page or product/category page."
"https://www.arctic-spas.cz/svetla.php","/svetla.php","https://www.arctic-spas.cz/svetla.php","200","text/html","Osvětlení vířivky","Osvětlení vířivky LED","content_page","review_migrate_page","redirect_consolidated","/virivky/","content_redirect","Consolidated into an existing Figma page or product/category page."
"https://www.arctic-spas.cz/termokryt-virivky.php","/termokryt-virivky.php","https://www.arctic-spas.cz/termokryt-virivky.php","200","text/html","Termokryt Mylovac - vířivky Arctic Spas","Mylovac™ Nejlepší termokryt na světě.","content_page","review_migrate_page","redirect_consolidated","/product/prislusenstvi-a-doplnky/","content_redirect","Consolidated into an existing Figma page or product/category page."
"https://www.arctic-spas.cz/termokryt-virivky-core.php","/termokryt-virivky-core.php","https://www.arctic-spas.cz/termokryt-virivky-core.php","200","text/html","Termokryt Vacseal - vířivky Arctic Spas","Termokryt vířivky","content_page","review_migrate_page","redirect_consolidated","/product/prislusenstvi-a-doplnky/","content_redirect","Consolidated into an existing Figma page or product/category page."
"https://www.arctic-spas.cz/topne-teleso.php","/topne-teleso.php","https://www.arctic-spas.cz/topne-teleso.php","200","text/html","Ohřev vody - topné těleso - Arctic Spas","Ohřev Titanium™","content_page","review_migrate_page","redirect_consolidated","/virivky/","content_redirect","Consolidated into an existing Figma page or product/category page."
"https://www.arctic-spas.cz/trysky.php","/trysky.php","https://www.arctic-spas.cz/trysky.php","200","text/html","Rotační trysky - Arctic Spas","Trysky Pepperleaf Pulse™","content_page","review_migrate_page","redirect_consolidated","/virivky/","content_redirect","Consolidated into an existing Figma page or product/category page."
"https://www.arctic-spas.cz/trysky-core.php","/trysky-core.php","https://www.arctic-spas.cz/trysky-core.php","200","text/html","Rotační trysky - Arctic Spas","Trysky Pepperleaf Pulse™","content_page","review_migrate_page","redirect_consolidated","/virivky/","content_redirect","Consolidated into an existing Figma page or product/category page."
"https://www.arctic-spas.cz/trysky-ripple.php","/trysky-ripple.php","https://www.arctic-spas.cz/trysky-ripple.php","200","text/html","Trysky Ripple - Arctic Spas","Trysky Ripple Jet nové nízkoprofilové trysky","content_page","review_migrate_page","redirect_consolidated","/virivky/","content_redirect","Consolidated into an existing Figma page or product/category page."
"https://www.arctic-spas.cz/uprava-vody.php","/uprava-vody.php","https://www.arctic-spas.cz/uprava-vody.php","200","text/html","Úprava vody ve vířivkách","Základy úpravy vody ve vířivce","content_page","review_migrate_page","redirect_consolidated","/kolik-stoji-udrzba/","content_redirect","Consolidated into an existing Figma page or product/category page."
"https://www.arctic-spas.cz/variabilita.php","/variabilita.php","https://www.arctic-spas.cz/variabilita.php","200","text/html","Varianty vířivek - Arctic Spas","Variabilita výběr možností bez kompromisu","content_page","review_migrate_page","redirect_consolidated","/virivky/","content_redirect","Consolidated into an existing Figma page or product/category page."
"https://www.arctic-spas.cz/venkovni-virivky-arctic-vyhody.php","/venkovni-virivky-arctic-vyhody.php","https://www.arctic-spas.cz/venkovni-virivky-arctic-vyhody.php","200","text/html","Výhody venkovních vířivek Arctic Spas","Výhody venkovních vířivek a swimspa Arctic","content_page","review_migrate_page","redirect_consolidated","/virivky/","content_redirect","Consolidated into an existing Figma page or product/category page."
"https://www.arctic-spas.cz/virivka-aurora.php","/virivka-aurora.php","https://www.arctic-spas.cz/arctic-virivky.php#core","200","text/html","Venkovní vířivky Arctic Spas","Venkovní vířivky Arctic Spas","retired","redirect_only","redirect_retired","/virivky/","retired_product","Retired product; do not create an active product page."
"https://www.arctic-spas.cz/virivka-cub.php","/virivka-cub.php","https://www.arctic-spas.cz/virivka-cub.php","200","text/html","Vířivka Cub - Arctic Spas - řada Custom","Venkovní vířivka Cub","product_hot_tub","migrate_product","migrate_product","/product/cub/","product_hot_tub","Active hot tub product in the WordPress product CPT."
"https://www.arctic-spas.cz/virivka-eagle.php","/virivka-eagle.php","https://www.arctic-spas.cz/virivka-eagle.php","200","text/html","Vířivka Eagle - Arctic Spas - řada Classic","Venkovní vířivka Eagle","product_hot_tub","migrate_product","migrate_product","/product/eagle/","product_hot_tub","Active hot tub product in the WordPress product CPT."
"https://www.arctic-spas.cz/virivka-ellesmere.php","/virivka-ellesmere.php","https://www.arctic-spas.cz/arctic-virivky.php#core","200","text/html","Venkovní vířivky Arctic Spas","Venkovní vířivky Arctic Spas","retired","redirect_only","redirect_retired","/virivky/","retired_product","Retired product; do not create an active product page."
"https://www.arctic-spas.cz/virivka-fox.php","/virivka-fox.php","https://www.arctic-spas.cz/virivka-fox.php","200","text/html","Vířivka Arctic Fox - Arctic Spas - řada Custom","Venkovní vířivka Arctic Fox","product_hot_tub","migrate_product","migrate_product","/product/fox/","product_hot_tub","Active hot tub product in the WordPress product CPT."
"https://www.arctic-spas.cz/virivka-frontier.php","/virivka-frontier.php","https://www.arctic-spas.cz/virivka-frontier.php","200","text/html","Venkovní vířivky Arctic Spas","Venkovní vířivky Arctic Spas","content_page","review_migrate_page","redirect_consolidated","/virivky/","content_redirect","Consolidated into an existing Figma page or product/category page."
"https://www.arctic-spas.cz/virivka-grizzly.php","/virivka-grizzly.php","https://www.arctic-spas.cz/arctic-virivky.php#core","200","text/html","Venkovní vířivky Arctic Spas","Venkovní vířivky Arctic Spas","retired","redirect_only","redirect_retired","/virivky/","retired_product","Retired product; do not create an active product page."
"https://www.arctic-spas.cz/virivka-husky.php","/virivka-husky.php","https://www.arctic-spas.cz/virivka-husky.php","200","text/html","Vířivka Husky - Arctic Spas - řada Core","Venkovní vířivka Husky","product_hot_tub","migrate_product","migrate_product","/product/husky/","product_hot_tub","Active hot tub product in the WordPress product CPT."
"https://www.arctic-spas.cz/virivka-klondiker.php","/virivka-klondiker.php","https://www.arctic-spas.cz/virivka-klondiker.php","200","text/html","Vířivka Klondiker - Arctic Spas - řada Custom","Venkovní vířivka Klondiker","product_hot_tub","migrate_product","migrate_product","/product/klondiker/","product_hot_tub","Active hot tub product in the WordPress product CPT."
"https://www.arctic-spas.cz/virivka-kodiak.php","/virivka-kodiak.php","https://www.arctic-spas.cz/virivka-kodiak.php","200","text/html","Vířivka Kodiak - Arctic Spas - řada Custom","Venkovní vířivka Kodiak","product_hot_tub","migrate_product","migrate_product","/product/kodiak/","product_hot_tub","Active hot tub product in the WordPress product CPT."
"https://www.arctic-spas.cz/virivka-lunar.php","/virivka-lunar.php","https://www.arctic-spas.cz/virivka-lunar.php","200","text/html","Vířivka Lunar - Arctic Spas - řada Core","Venkovní vířivka Lunar","product_hot_tub","migrate_product","migrate_product","/product/lunar/","product_hot_tub","Active hot tub product in the WordPress product CPT."
"https://www.arctic-spas.cz/virivka-mckinley.php","/virivka-mckinley.php","https://www.arctic-spas.cz/virivka-mckinley.php","200","text/html","Vířivka McKinley - Arctic Spas - řada Classic","Venkovní vířivka McKinley","product_hot_tub","migrate_product","migrate_product","/product/mckinley/","product_hot_tub","Active hot tub product in the WordPress product CPT."
"https://www.arctic-spas.cz/virivka-mustang.php","/virivka-mustang.php","https://www.arctic-spas.cz/virivka-mustang.php","200","text/html","Vířivka Mustang - Arctic Spas - řada Classic","Venkovní vířivka Mustang","product_hot_tub","migrate_product","migrate_product","/product/mustang/","product_hot_tub","Active hot tub product in the WordPress product CPT."
"https://www.arctic-spas.cz/virivka-orca.php","/virivka-orca.php","https://www.arctic-spas.cz/arctic-virivky.php#core","200","text/html","Venkovní vířivky Arctic Spas","Venkovní vířivky Arctic Spas","retired","redirect_only","redirect_retired","/virivky/","retired_product","Retired product; do not create an active product page."
"https://www.arctic-spas.cz/virivka-orion.php","/virivka-orion.php","https://www.arctic-spas.cz/virivka-orion.php","200","text/html","Vířivka Orion - Arctic Spas - řada Core","Venkovní vířivka Orion","product_hot_tub","migrate_product","migrate_product","/product/orion/","product_hot_tub","Active hot tub product in the WordPress product CPT."
"https://www.arctic-spas.cz/virivka-summit.php","/virivka-summit.php","https://www.arctic-spas.cz/virivka-summit.php","200","text/html","Vířivka Summit - Arctic Spas - řada Custom","Venkovní vířivka Summit","product_hot_tub","migrate_product","migrate_product","/product/summit/","product_hot_tub","Active hot tub product in the WordPress product CPT."
"https://www.arctic-spas.cz/virivka-summit-xl.php","/virivka-summit-xl.php","https://www.arctic-spas.cz/virivka-summit-xl.php","200","text/html","Vířivka Summit XL - Arctic Spas - řada Custom","Venkovní vířivka Summit XL","product_hot_tub","migrate_product","migrate_product","/product/summit-xl/","product_hot_tub","Active hot tub product in the WordPress product CPT."
"https://www.arctic-spas.cz/virivka-timberwolf.php","/virivka-timberwolf.php","https://www.arctic-spas.cz/virivka-timberwolf.php","200","text/html","Vířivka Timberwolf - Arctic Spas - řada Classic","Venkovní vířivka Timberwolf","product_hot_tub","migrate_product","migrate_product","/product/timberwolf/","product_hot_tub","Active hot tub product in the WordPress product CPT."
"https://www.arctic-spas.cz/virivka-totem.php","/virivka-totem.php","https://www.arctic-spas.cz/virivka-totem.php","200","text/html","Vířivka Totem - Arctic Spas - řada Classic","Venkovní vířivka Totem","product_hot_tub","migrate_product","migrate_product","/product/totem/","product_hot_tub","Active hot tub product in the WordPress product CPT."
"https://www.arctic-spas.cz/virivka-tundra.php","/virivka-tundra.php","https://www.arctic-spas.cz/virivka-tundra.php","200","text/html","Vířivka Tundra - Arctic Spas - řada Custom","Venkovní vířivka Tundra","product_hot_tub","migrate_product","migrate_product","/product/tundra/","product_hot_tub","Active hot tub product in the WordPress product CPT."
"https://www.arctic-spas.cz/virivka-yukon.php","/virivka-yukon.php","https://www.arctic-spas.cz/virivka-yukon.php","200","text/html","Vířivka Yukon - Arctic Spas - řada Custom","Venkovní vířivka Yukon","product_hot_tub","migrate_product","migrate_product","/product/yukon/","product_hot_tub","Active hot tub product in the WordPress product CPT."
"https://www.arctic-spas.cz/virivky-arctic-jako-prvni.php","/virivky-arctic-jako-prvni.php","https://www.arctic-spas.cz/virivky-arctic-jako-prvni.php","200","text/html","Prvenství - Arctic Spas","Arctic jako první","content_page","review_migrate_page","redirect_consolidated","/virivky/","content_redirect","Consolidated into an existing Figma page or product/category page."
"https://www.arctic-spas.cz/virivky-dreammaker.php","/virivky-dreammaker.php","https://www.arctic-spas.cz/virivky-dreammaker.php","200","text/html","Vířivky Dream Maker Spas","Vířivky Dream Maker Spas","retired","redirect_only","redirect_retired","/virivky/","retired_product","Retired product; do not create an active product page."
"https://www.arctic-spas.cz/vodopad.php","/vodopad.php","https://www.arctic-spas.cz/vodopad.php","200","text/html","Vodopád - vířivky Arctic Spas","Zážitkový vodopád","content_page","review_migrate_page","redirect_consolidated","/virivky/","content_redirect","Consolidated into an existing Figma page or product/category page."
"https://www.arctic-spas.cz/vodopad-core.php","/vodopad-core.php","https://www.arctic-spas.cz/vodopad-core.php","200","text/html","Vodopád - vířivky Arctic Spas","Zážitkový vodopád","content_page","review_migrate_page","redirect_consolidated","/virivky/","content_redirect","Consolidated into an existing Figma page or product/category page."
"https://www.arctic-spas.cz/zaruka.php","/zaruka.php","https://www.arctic-spas.cz/zaruka.php","200","text/html","Záruky - Arctic Spas","Záruka","content_page","review_migrate_page","redirect_consolidated","/zaruka/","content_redirect","Consolidated into an existing Figma page or product/category page."
"https://www.arctic-spas.cz/zasady-zpracovani-osobnich-udaju.php","/zasady-zpracovani-osobnich-udaju.php","https://www.arctic-spas.cz/zasady-zpracovani-osobnich-udaju.php","200","text/html","Zásady zpracování osobních údajů","Zásady zpracování a ochrany osobních údajů","content_page","review_migrate_page","redirect_consolidated","/ochrana-osobnich-udaju/","content_redirect","Consolidated into an existing Figma page or product/category page."
"https://www.arctic-spas.cz/zvedak-termokrytu.php","/zvedak-termokrytu.php","https://www.arctic-spas.cz/zvedak-termokrytu.php","200","text/html","Zvedáky a držáky krytů vířivek","Zvedák - držák termokrytu","content_page","review_migrate_page","redirect_consolidated","/product/prislusenstvi-a-doplnky/","content_redirect","Consolidated into an existing Figma page or product/category page."
