"Url","FinalUrl","Status","ContentType","Title","H1","MetaDescription","Type","MigrationAction","SuggestedTarget","Note","InternalLinkCount","Error"
"https://www.arctic-spas.cz/","https://www.arctic-spas.cz/","200","text/html","Venkovní vířivky Arctic Spas","Nová modelová řada CUSTOM","Venkovní i vnitřní luxusní vířivky ARCTIC SPAS. Prodej kanadských vířivek s nejefektivnějším provozem. Venkovní vířivky pro celoroční použití na terase, zahradě, pod střechou i pod širým nebem. Prodejna Brno.","home","migrate_page","/","Homepage.","113",""
"https://www.arctic-spas.cz/akce-virivky.php","https://www.arctic-spas.cz/akce-virivky.php","200","text/html","Akční nabídky vířivek Arctic Spas","Akční nabídky vířivek","Venkovní i vnitřní luxusní vířivky ARCTIC SPAS. Akční nabídky pro vířivky Arctic Spas","content_page","review_migrate_page","","Obsahova stranka; klasifikovat v migracni mape.","82",""
"https://www.arctic-spas.cz/akce-vyhoda.php","https://www.arctic-spas.cz/akce-vyhoda.php","200","text/html","Akční nabídky vířivek","PODZIMNÍ NABÍDKA VÍŘIVEK","Slevy na vystavené vířivky. Akční ceny - výprodej.","content_page","review_migrate_page","","Obsahova stranka; klasifikovat v migracni mape.","85",""
"https://www.arctic-spas.cz/akce-vystava.php","https://www.arctic-spas.cz/akce-vystava.php","200","text/html","Akce - vířivky","VÝPRODEJ VÍŘIVEK A KOUPACÍCH SUDŮ","Slevy na vystavené vířivky. Akční ceny - výprodej.","content_page","review_migrate_page","","Obsahova stranka; klasifikovat v migracni mape.","105",""
"https://www.arctic-spas.cz/arctic-bazeny.php","https://www.arctic-spas.cz/arctic-bazeny.php","200","text/html","Venkovní swimspa Arctic Spas","Venkovní swimspa Arctic - celoroční bazény","Venkovní i vnitřní luxusní swimspa neboli celoroční bazény ARCTIC. Seznam modelů a jejich půdorysné fotografie pro jednoduchou orientaci.","content_page","review_migrate_page","","Obsahova stranka; klasifikovat v migracni mape.","123",""
"https://www.arctic-spas.cz/arctic-swimspa.php","https://www.arctic-spas.cz/arctic-swimspa.php","200","text/html","Luxusní venkovní swimspa Arctic","Venkovní swimspa Arctic","Venkovní i vnitřní luxusní swimspa ARCTIC. Seznam modelů a jejich půdorysné fotografie pro jednoduchou orientaci. Třídění podle parametrů.","content_page","review_migrate_page","","Obsahova stranka; klasifikovat v migracni mape.","124",""
"https://www.arctic-spas.cz/arctic-virivky.php","https://www.arctic-spas.cz/arctic-virivky.php","200","text/html","Venkovní vířivky Arctic Spas","Venkovní vířivky Arctic Spas","Venkovní i vnitřní luxusní vířivky ARCTIC SPAS. Seznam modelů a jejich půdorysné fotografie pro jednoduchou orientaci. Třídění podle velikosti.","content_page","review_migrate_page","","Obsahova stranka; klasifikovat v migracni mape.","122",""
"https://www.arctic-spas.cz/arctic-virivky-venkovni.php","https://www.arctic-spas.cz/arctic-virivky-venkovni.php","200","text/html","Luxusní venkovní vířivky Arctic Spas","Venkovní vířivky Arctic Spas","Venkovní i vnitřní luxusní vířivky ARCTIC SPAS. Seznam modelů a jejich půdorysné fotografie pro jednoduchou orientaci. Třídění podle velikosti.","content_page","review_migrate_page","","Obsahova stranka; klasifikovat v migracni mape.","119",""
"https://www.arctic-spas.cz/barva-skorepiny.php","https://www.arctic-spas.cz/barva-skorepiny.php","200","text/html","Barvy akrylátového povrchu vířivky - Arctic Spas","Barvy akrylátu pro vířivky Arctic Spas","Venkovní vířivky vyrobené v Kanadě určené pro nejdrsnější klima na světě. Barvy a struktura akrylátového povrchu vířivky, výběr.","content_page","review_migrate_page","","Obsahova stranka; klasifikovat v migracni mape.","111",""
"https://www.arctic-spas.cz/barva-skorepiny-core.php","https://www.arctic-spas.cz/barva-skorepiny-core.php","200","text/html","Barvy akrylátového povrchu vířivky - Arctic Spas","Barvy akrylátu pro vířivky řady Core","Venkovní vířivky vyrobené v Kanadě určené pro nejdrsnější klima na světě. Barvy a struktura akrylátového povrchu vířivky, výběr.","content_page","review_migrate_page","","Obsahova stranka; klasifikovat v migracni mape.","111",""
"https://www.arctic-spas.cz/baspa.php","https://www.arctic-spas.cz/baspa.php","200","text/html","Baspa - prodej vířivek","O nás","O firmě Baspa s.r.o., panu Zhořovi a vůbec o prodejcích vířivek Arctic Spas.","content_page","review_migrate_page","","Obsahova stranka; klasifikovat v migracni mape.","82",""
"https://www.arctic-spas.cz/bazen-athabascan.php","https://www.arctic-spas.cz/bazen-athabascan.php","200","text/html","Swimspa Athabascan - Arctic celoroční bazény","Celoroční bazén Athabascan swimspa","Venkovní swimspa vyrobené v Kanadě určené pro nejdrsnější klima na světě. Model celoročního bazénu Athabascan. Popis, parametry, vybavení.","product_swimspa","migrate_product","","Aktivni swimspa.","184",""
"https://www.arctic-spas.cz/bazen-hudson.php","https://www.arctic-spas.cz/bazen-hudson.php","200","text/html","Swimspa Hudson - Arctic celoroční bazény","Celoroční bazén Hudson swimspa","Venkovní swimspa vyrobené v Kanadě určené pro nejdrsnější klima na světě. Model celoročního bazénu Hudson. Popis, parametry, vybavení.","product_swimspa","migrate_product","","Aktivni swimspa.","184",""
"https://www.arctic-spas.cz/bazen-kingfisher.php","https://www.arctic-spas.cz/bazen-kingfisher.php","200","text/html","Swimspa Kingfisher - Arctic celoroční bazény","Celoroční bazén Kingfisher swimspa","Venkovní swimspa vyrobené v Kanadě určené pro nejdrsnější klima na světě. Model celoročního bazénu Kingfisher. Popis, parametry, vybavení.","product_swimspa","migrate_product","","Aktivni swimspa.","184",""
"https://www.arctic-spas.cz/bazen-ocean.php","https://www.arctic-spas.cz/bazen-ocean.php","200","text/html","Swimspa Arctic Ocean - Arctic celoroční bazény","Celoroční bazén Arctic Ocean swimspa","Venkovní swimspa vyrobené v Kanadě určené pro nejdrsnější klima na světě. Model celoročního bazénu Ocean. Popis, parametry, vybavení.","product_swimspa","migrate_product","","Aktivni swimspa.","201",""
"https://www.arctic-spas.cz/bazen-okanagan.php","https://www.arctic-spas.cz/bazen-okanagan.php","200","text/html","Swimspa Okanagan - Arctic celoroční bazény","Celoroční bazén Okanagan swimspa","Venkovní swimspa vyrobené v Kanadě určené pro nejdrsnější klima na světě. Model celoročního bazénu Okanagan. Popis, parametry, vybavení.","product_swimspa","migrate_product","","Aktivni swimspa.","200",""
"https://www.arctic-spas.cz/bazen-wolverine.php","https://www.arctic-spas.cz/bazen-wolverine.php","200","text/html","Swimspa Wolverine - Arctic celoroční bazény","Celoroční bazén Wolverine swimspa","Venkovní swimspa vyrobené v Kanadě určené pro nejdrsnější klima na světě. Model celoročního bazénu Wolverine. Popis, parametry, vybavení.","product_swimspa","migrate_product","","Aktivni swimspa.","184",""
"https://www.arctic-spas.cz/cedrove-doplnky.php","https://www.arctic-spas.cz/cedrove-doplnky.php","200","text/html","Cedrové doplňky k vířivkám Arctic","Doplňky z cedru","Doplňky z cedrového dřeva, stejného jako je kabinet vířivky. Vybavte si vířivku a okolí vířivky doplňky jako jsou schody, bary, věšáky, květináče, ...","content_page","review_migrate_page","","Obsahova stranka; klasifikovat v migracni mape.","111",""
"https://www.arctic-spas.cz/cerpadla-core.php","https://www.arctic-spas.cz/cerpadla-core.php","200","text/html","Výkonná čerpadla - skvělá masáž","Čerpadla vířivek Arctic Spas vysoká účinnost","Venkovní vířivky vyrobené v Kanadě určené pro nejdrsnější klima na světě. Popis používaných motorů a čerpadel ve vířivkách Arctic Spas.","content_page","review_migrate_page","","Obsahova stranka; klasifikovat v migracni mape.","112",""
"https://www.arctic-spas.cz/certifikaty.php","https://www.arctic-spas.cz/certifikaty.php","200","text/html","Certifikáty - Arctic Spas","Bezpečnostní certifikáty","Venkovní vířivky vyrobené v Kanadě určené pro nejdrsnější klima na světě. Bezpečnostní certifikáty a ocenění vířivek Arctic Spas.","content_page","review_migrate_page","","Obsahova stranka; klasifikovat v migracni mape.","111",""
"https://www.arctic-spas.cz/content/download/2020/navod-arctic-classic-2020.pdf","https://www.arctic-spas.cz/content/download/2020/navod-arctic-classic-2020.pdf","200","application/pdf","","","","download_asset","review_download","","Soubor ke stazeni; rozhodnout CPT download vs. repeater.","0",""
"https://www.arctic-spas.cz/content/download/2020/navod-arctic-core-2020.pdf","https://www.arctic-spas.cz/content/download/2020/navod-arctic-core-2020.pdf","200","application/pdf","","","","download_asset","review_download","","Soubor ke stazeni; rozhodnout CPT download vs. repeater.","0",""
"https://www.arctic-spas.cz/content/download/2020/navod-arctic-custom-2020.pdf","https://www.arctic-spas.cz/content/download/2020/navod-arctic-custom-2020.pdf","200","application/pdf","","","","download_asset","review_download","","Soubor ke stazeni; rozhodnout CPT download vs. repeater.","0",""
"https://www.arctic-spas.cz/content/download/AS-Brochure-2022_cz.pdf","https://www.arctic-spas.cz/content/download/AS-Brochure-2022_cz.pdf","200","application/pdf","","","","download_asset","review_download","","Soubor ke stazeni; rozhodnout CPT download vs. repeater.","0",""
"https://www.arctic-spas.cz/content/download/as-sluzby-cenik-2022.pdf","https://arctic-spas.cz/404.php","200","text/html","404 \ Arctic Spas","404","Venkovní vířivky Arctic Spas - chybová stránka 404. Pokud zadáte nějakou starou nebo neexistující stránku, tato Vám pomůže.","download_asset","review_download","","Soubor ke stazeni; rozhodnout CPT download vs. repeater.","1",""
"https://www.arctic-spas.cz/content/download/economy-mode.pdf","https://www.arctic-spas.cz/content/download/economy-mode.pdf","200","application/pdf","","","","download_asset","review_download","","Soubor ke stazeni; rozhodnout CPT download vs. repeater.","0",""
"https://www.arctic-spas.cz/content/download/equipment-location.pdf","https://www.arctic-spas.cz/content/download/equipment-location.pdf","200","application/pdf","","","","download_asset","review_download","","Soubor ke stazeni; rozhodnout CPT download vs. repeater.","0",""
"https://www.arctic-spas.cz/content/download/navod-arctic-2010.pdf","https://www.arctic-spas.cz/content/download/navod-arctic-2010.pdf","200","application/pdf","","","","download_asset","review_download","","Soubor ke stazeni; rozhodnout CPT download vs. repeater.","0",""
"https://www.arctic-spas.cz/content/download/navod-arctic-2015.pdf","https://www.arctic-spas.cz/content/download/navod-arctic-2015.pdf","200","application/pdf","","","","download_asset","review_download","","Soubor ke stazeni; rozhodnout CPT download vs. repeater.","0",""
"https://www.arctic-spas.cz/content/download/navod-arctic-2018.pdf","https://www.arctic-spas.cz/content/download/navod-arctic-2018.pdf","200","application/pdf","","","","download_asset","review_download","","Soubor ke stazeni; rozhodnout CPT download vs. repeater.","0",""
"https://www.arctic-spas.cz/content/download/navod-arctic-2020-en.pdf","https://www.arctic-spas.cz/content/download/navod-arctic-2020-en.pdf","200","application/pdf","","","","download_asset","review_download","","Soubor ke stazeni; rozhodnout CPT download vs. repeater.","0",""
"https://www.arctic-spas.cz/content/download/navod-coyote.pdf","https://www.arctic-spas.cz/content/download/navod-coyote.pdf","200","application/pdf","","","","download_asset","review_download","","Soubor ke stazeni; rozhodnout CPT download vs. repeater.","0",""
"https://www.arctic-spas.cz/content/download/navod-onzen.pdf","https://www.arctic-spas.cz/content/download/navod-onzen.pdf","200","application/pdf","","","","download_asset","review_download","","Soubor ke stazeni; rozhodnout CPT download vs. repeater.","0",""
"https://www.arctic-spas.cz/content/download/navod-spaboy-2017.pdf","https://www.arctic-spas.cz/content/download/navod-spaboy-2017.pdf","200","application/pdf","","","","download_asset","review_download","","Soubor ke stazeni; rozhodnout CPT download vs. repeater.","0",""
"https://www.arctic-spas.cz/content/download/navod-veslarsky-trenazer.pdf","https://www.arctic-spas.cz/content/download/navod-veslarsky-trenazer.pdf","200","application/pdf","","","","download_asset","review_download","","Soubor ke stazeni; rozhodnout CPT download vs. repeater.","0",""
"https://www.arctic-spas.cz/content/download/rozmery/rozmery-7-in.pdf","https://www.arctic-spas.cz/content/download/rozmery/rozmery-7-in.pdf","200","application/pdf","","","","download_asset","review_download","","Soubor ke stazeni; rozhodnout CPT download vs. repeater.","0",""
"https://www.arctic-spas.cz/content/download/rozmery/rozmery-8-in.pdf","https://www.arctic-spas.cz/content/download/rozmery/rozmery-8-in.pdf","200","application/pdf","","","","download_asset","review_download","","Soubor ke stazeni; rozhodnout CPT download vs. repeater.","0",""
"https://www.arctic-spas.cz/content/download/rozmery/rozmery-fox-in.pdf","https://www.arctic-spas.cz/content/download/rozmery/rozmery-fox-in.pdf","200","application/pdf","","","","download_asset","review_download","","Soubor ke stazeni; rozhodnout CPT download vs. repeater.","0",""
"https://www.arctic-spas.cz/content/download/rozmery/rozmery-frontier-in.pdf","https://www.arctic-spas.cz/content/download/rozmery/rozmery-frontier-in.pdf","200","application/pdf","","","","download_asset","review_download","","Soubor ke stazeni; rozhodnout CPT download vs. repeater.","0",""
"https://www.arctic-spas.cz/content/download/rozmery/rozmery-ocean-in.pdf","https://www.arctic-spas.cz/content/download/rozmery/rozmery-ocean-in.pdf","200","application/pdf","","","","download_asset","review_download","","Soubor ke stazeni; rozhodnout CPT download vs. repeater.","0",""
"https://www.arctic-spas.cz/content/download/rozmery/rozmery-summitxl-in.pdf","https://www.arctic-spas.cz/content/download/rozmery/rozmery-summitxl-in.pdf","200","application/pdf","","","","download_asset","review_download","","Soubor ke stazeni; rozhodnout CPT download vs. repeater.","0",""
"https://www.arctic-spas.cz/content/download/rozmery/rozmery-timberwolf-in.pdf","https://www.arctic-spas.cz/content/download/rozmery/rozmery-timberwolf-in.pdf","200","application/pdf","","","","download_asset","review_download","","Soubor ke stazeni; rozhodnout CPT download vs. repeater.","0",""
"https://www.arctic-spas.cz/content/download/stavebni-pripravenost.pdf","https://www.arctic-spas.cz/content/download/stavebni-pripravenost.pdf","200","application/pdf","","","","download_asset","review_download","","Soubor ke stazeni; rozhodnout CPT download vs. repeater.","0",""
"https://www.arctic-spas.cz/content/download/zaklady-upravy-vody.pdf","https://www.arctic-spas.cz/content/download/zaklady-upravy-vody.pdf","200","application/pdf","","","","download_asset","review_download","","Soubor ke stazeni; rozhodnout CPT download vs. repeater.","0",""
"https://www.arctic-spas.cz/content/download/zaruky/zaruky-arctic.pdf","https://www.arctic-spas.cz/content/download/zaruky/zaruky-arctic.pdf","200","application/pdf","","","","download_asset","review_download","","Soubor ke stazeni; rozhodnout CPT download vs. repeater.","0",""
"https://www.arctic-spas.cz/content/download/zaruky/zaruky-bear.pdf","https://www.arctic-spas.cz/content/download/zaruky/zaruky-bear.pdf","200","application/pdf","","","","download_asset","review_download","","Soubor ke stazeni; rozhodnout CPT download vs. repeater.","0",""
"https://www.arctic-spas.cz/content/img/vybava/onspa/moznosti-pripojeni-do-site.pdf","https://www.arctic-spas.cz/content/img/vybava/onspa/moznosti-pripojeni-do-site.pdf","200","application/pdf","","","","download_asset","review_download","","Soubor ke stazeni; rozhodnout CPT download vs. repeater.","0",""
"https://www.arctic-spas.cz/cookies.php","https://www.arctic-spas.cz/cookies.php","200","text/html","Přehled využívaných cookies","Přehled využívaných cookies","Přehled využívaných cookies","content_page","review_migrate_page","","Obsahova stranka; klasifikovat v migracni mape.","82",""
"https://www.arctic-spas.cz/covana.php","https://www.arctic-spas.cz/covana.php","200","text/html","Automatický kryt vířivky - Covana","Automatický termokryt - altánek","Automatický zvedák krytu vířivky Covana. Termokryt, který plní roli i altánku.","product_other_sortiment","review_product_or_external","","Sirsi sortiment; overit full detail vs. landing/external shop.","86",""
"https://www.arctic-spas.cz/digitalni-rizeni.php","https://www.arctic-spas.cz/digitalni-rizeni.php","200","text/html","Digitální ovládání vířivky - Arctic Spas","Řízeno počítačem","Venkovní vířivky vyrobené v Kanadě určené pro nejdrsnější klima na světě. Digitální ovládání vířivky, dálkové ovládání, diagnostika, aplikace do mobilu.","content_page","review_migrate_page","","Obsahova stranka; klasifikovat v migracni mape.","113",""
"https://www.arctic-spas.cz/digitalni-rizeni-gecko.php","https://www.arctic-spas.cz/digitalni-rizeni-gecko.php","200","text/html","Gecko - digitální ovládání vířivky - Arctic Spas","Řídicí systém Gecko","Venkovní vířivky vyrobené v Kanadě určené pro nejdrsnější klima na světě. Digitální ovládání vířivky, dálkové ovládání, diagnostika, aplikace do mobilu.","content_page","review_migrate_page","","Obsahova stranka; klasifikovat v migracni mape.","112",""
"https://www.arctic-spas.cz/diskuze.php","https://www.arctic-spas.cz/diskuze.php","200","text/html","Odkazy - Arctic Spas","Reference a diskuze o vířivkách","Kontakty na výrobce a prodejce vířivek Arctic Spas.","content_page","review_migrate_page","","Obsahova stranka; klasifikovat v migracni mape.","96",""
"https://www.arctic-spas.cz/download.php","https://www.arctic-spas.cz/download.php","200","text/html","Ke stažení - vířivky Arctic Spas","Ke stažení - katalogy a manuály","Sekce ke stažení, kde máte k dispozici katalogy a uživatelské manuály nejen pro vířivky Arctic Spas.","content_page","review_migrate_page","","Obsahova stranka; klasifikovat v migracni mape.","130",""
"https://www.arctic-spas.cz/faq.php","https://www.arctic-spas.cz/faq.php","200","text/html","FAQ - časté otázky","Časté otázky FAQ","Časté otázky týkající se jak obchodní tak uživatelské části koupě a provozu venkovní vířivky.","content_page","review_migrate_page","","Obsahova stranka; klasifikovat v migracni mape.","131",""
"https://www.arctic-spas.cz/filtrace-smart-virivky.php","https://www.arctic-spas.cz/filtrace-smart-virivky.php","200","text/html","Filtrace Smart u vířivek Arctic Spas","Progresivní Smart filtrace","Venkovní vířivky vyrobené v Kanadě určené pro nejdrsnější klima na světě. Osvětlení vířivky, možnosti.","content_page","review_migrate_page","","Obsahova stranka; klasifikovat v migracni mape.","113",""
"https://www.arctic-spas.cz/filtrace-virivky.php","https://www.arctic-spas.cz/filtrace-virivky.php","200","text/html","Filtrace u vířivek Arctic Spas","Dvojitý skimmer pro aktivní filtraci","Venkovní vířivky vyrobené v Kanadě určené pro nejdrsnější klima na světě. Osvětlení vířivky, možnosti.","content_page","review_migrate_page","","Obsahova stranka; klasifikovat v migracni mape.","113",""
"https://www.arctic-spas.cz/filtrace-virivky-core.php","https://www.arctic-spas.cz/filtrace-virivky-core.php","200","text/html","Filtrace u vířivek Arctic Spas","Skimmer pro aktivní filtraci","Venkovní vířivky vyrobené v Kanadě určené pro nejdrsnější klima na světě. Osvětlení vířivky, možnosti.","content_page","review_migrate_page","","Obsahova stranka; klasifikovat v migracni mape.","113",""
"https://www.arctic-spas.cz/filtry.php","https://www.arctic-spas.cz/filtry.php","200","text/html","Filtry pro vířivky Arctic Spas","Náhradní filtry do vířivky","Filtry používané ve vířivkách Arctic Spas. Filtrační vložky do vířivek mohou být buď umyvatelné nebo jednorázové, bezúdržbové.","content_page","review_migrate_page","","Obsahova stranka; klasifikovat v migracni mape.","94",""
"https://www.arctic-spas.cz/fotogalerie-virivky.php","https://www.arctic-spas.cz/fotogalerie-virivky.php","200","text/html","Fotogalerie vířivky - Arctic Spas","Fotogalerie vířivek a swimspa","Venkovní vířivky vyrobené v Kanadě určené pro nejdrsnější klima na světě. Fotogalerie našich zákazníků.","content_page","review_migrate_page","","Obsahova stranka; klasifikovat v migracni mape.","85",""
"https://www.arctic-spas.cz/hudba.php","https://www.arctic-spas.cz/hudba.php","200","text/html","Hudební systémy do vířivek Arctic Spas","Hudební systémy","Venkovní vířivky vyrobené v Kanadě určené pro nejdrsnější klima na světě. Volitelný hudební systém do vířivky, jeho popis a verze.","content_page","review_migrate_page","","Obsahova stranka; klasifikovat v migracni mape.","111",""
"https://www.arctic-spas.cz/index.php","https://www.arctic-spas.cz/index.php","200","text/html","Venkovní vířivky Arctic Spas","Nová modelová řada CUSTOM","Venkovní i vnitřní luxusní vířivky ARCTIC SPAS. Prodej kanadských vířivek s nejefektivnějším provozem. Venkovní vířivky pro celoroční použití na terase, zahradě, pod střechou i pod širým nebem. Prodejna Brno.","home","migrate_page","/","Homepage.","113",""
"https://www.arctic-spas.cz/in-touch.php","https://www.arctic-spas.cz/in-touch.php","200","text/html","in.touch 2 - dálkové ovládání vířivky - Arctic Spas","in.touch 2 - kontrola přes internet","Venkovní vířivky vyrobené v Kanadě určené pro nejdrsnější klima na světě. Digitální ovládání vířivky, dálkové ovládání, diagnostika, aplikace do mobilu.","content_page","review_migrate_page","","Obsahova stranka; klasifikovat v migracni mape.","112",""
"https://www.arctic-spas.cz/izolace-heatlock.php","https://www.arctic-spas.cz/izolace-heatlock.php","200","text/html","Izolace vířivky - Arctic Spas - Heatlock","Obvodová izolace Heatlock ®","Venkovní vířivky vyrobené v Kanadě určené pro nejdrsnější klima na světě. Popis izolace vířivek.","content_page","review_migrate_page","","Obsahova stranka; klasifikovat v migracni mape.","112",""
"https://www.arctic-spas.cz/izolace-virivky.php","https://www.arctic-spas.cz/izolace-virivky.php","200","text/html","Izolace vířivky - Arctic Spas","Obvodová izolace FreeHeat™","Venkovní vířivky vyrobené v Kanadě určené pro nejdrsnější klima na světě. Popis izolace vířivek.","content_page","review_migrate_page","","Obsahova stranka; klasifikovat v migracni mape.","111",""
"https://www.arctic-spas.cz/kabinet-cedr.php","https://www.arctic-spas.cz/kabinet-cedr.php","200","text/html","Cedrový kabinet vířivky - Arctic Spas","Kabinet z kanadského červeného cedru","Venkovní vířivky vyrobené v Kanadě určené pro nejdrsnější klima na světě. Cedrový kabinet venkovní vířivky.","content_page","review_migrate_page","","Obsahova stranka; klasifikovat v migracni mape.","113",""
"https://www.arctic-spas.cz/kabinet-core.php","https://www.arctic-spas.cz/kabinet-core.php","200","text/html","Bezúdržbový kabinet vířivky - Arctic Spas - Core","Bezúdržbový kabinet Core","Venkovní vířivky vyrobené v Kanadě určené pro nejdrsnější klima na světě. Volitelný bezúdržbový kabinet venkovní vířivky. Vyrobený z kompozitního materiálu HighWood.","content_page","review_migrate_page","","Obsahova stranka; klasifikovat v migracni mape.","112",""
"https://www.arctic-spas.cz/kabinet-flex.php","https://www.arctic-spas.cz/kabinet-flex.php","200","text/html","Bezúdržbový kabinet vířivky - Arctic Spas","Bezúdržbový kabinet","Venkovní vířivky vyrobené v Kanadě určené pro nejdrsnější klima na světě. Volitelný bezúdržbový kabinet venkovní vířivky. Vyrobený z kompozitního materiálu HighWood.","content_page","review_migrate_page","","Obsahova stranka; klasifikovat v migracni mape.","112",""
"https://www.arctic-spas.cz/kariera.php","https://www.arctic-spas.cz/kariera.php","200","text/html","Bazény a vířivky - kariére","Kariéra u nás","Společnost BASPA s.r.o. provádí prodej, realizaci a servis rodinných plaveckých bazénů a venkovních i vnitřních vířivek. Naše služby jsou komplexní.","content_page","review_migrate_page","","Obsahova stranka; klasifikovat v migracni mape.","89",""
"https://www.arctic-spas.cz/kolik-stoji-provoz-udrzba-virivky.php","https://www.arctic-spas.cz/kolik-stoji-provoz-udrzba-virivky.php","200","text/html","Kolik stojí provoz a údržba vířivky","Kolik stojí provoz a údržba vířivky?","Venkovní vířivky vyrobené v Kanadě určené pro nejdrsnější klima na světě. Zamyšlení nad provozem a údržbou vířivky. Náklady spojené s vlastnictvím venkovní vířivky.","content_page","review_migrate_page","","Obsahova stranka; klasifikovat v migracni mape.","111",""
"https://www.arctic-spas.cz/komfort-masaz.php","https://www.arctic-spas.cz/komfort-masaz.php","200","text/html","Komfort, masáž, terapie - Arctic Spas","Komfort a terapie ve vířivkách Arctic","Venkovní vířivky vyrobené v Kanadě určené pro nejdrsnější klima na světě. Komfort a hydroterapie ve vířivce.","content_page","review_migrate_page","","Obsahova stranka; klasifikovat v migracni mape.","111",""
"https://www.arctic-spas.cz/kontakt.php","https://www.arctic-spas.cz/kontakt.php","200","text/html","Venkovní vířivky - kontakt","Kontaktní informace","Venkovní vířivky a jejich příslušenství, kanadské špičkové výrobky. Prodejna vířivek - showroom Brno.","content_page","review_migrate_page","","Obsahova stranka; klasifikovat v migracni mape.","87",""
"https://www.arctic-spas.cz/koupaci-sudy-kirami.php","https://www.arctic-spas.cz/koupaci-sudy-kirami.php","200","text/html","Koupací sudy Kirami","Koupací sudy Kirami","Venkovní koupací sudy od finského výrobce Kirami.","product_other_sortiment","review_product_or_external","","Sirsi sortiment; overit full detail vs. landing/external shop.","85",""
"https://www.arctic-spas.cz/kyslikova-koupel.php","https://www.arctic-spas.cz/kyslikova-koupel.php","200","text/html","Venkovní vířivky Arctic Spas","Nová modelová řada CUSTOM","Venkovní i vnitřní luxusní vířivky ARCTIC SPAS. Prodej kanadských vířivek s nejefektivnějším provozem. Venkovní vířivky pro celoroční použití na terase, zahradě, pod střechou i pod širým nebem. Prodejna Brno.","content_page","review_migrate_page","","Obsahova stranka; klasifikovat v migracni mape.","113",""
"https://www.arctic-spas.cz/odkazy.php","https://www.arctic-spas.cz/odkazy.php","200","text/html","Odkazy - Arctic Spas","Odkazy na výrobce, prodejce a další","Kontakty na výrobce a prodejce vířivek Arctic Spas.","content_page","review_migrate_page","","Obsahova stranka; klasifikovat v migracni mape.","94",""
"https://www.arctic-spas.cz/on-spa.php","https://www.arctic-spas.cz/on-spa.php","200","text/html","OnSpa® - dálkové ovládání vířivky - Arctic Spas","OnSpa © dálkové ovládání","Venkovní vířivky vyrobené v Kanadě určené pro nejdrsnější klima na světě. Dálkové ovládání vířivky, aplikace do mobilu pro monitorování a ovládání vířivky.","content_page","review_migrate_page","","Obsahova stranka; klasifikovat v migracni mape.","113",""
"https://www.arctic-spas.cz/onzen.php","https://www.arctic-spas.cz/onzen.php","200","text/html","Onzen™ - systém slané vody","Onzen™ slaná voda ve vířivce","Venkovní vířivky vyrobené v Kanadě určené pro nejdrsnější klima na světě. Úprava vody ve vířivce pomocí elektrolýzy slané vody.","content_page","review_migrate_page","","Obsahova stranka; klasifikovat v migracni mape.","115",""
"https://www.arctic-spas.cz/operky-hlavy.php","https://www.arctic-spas.cz/operky-hlavy.php","200","text/html","Opěrky hlavy - Arctic Spas","Nastavitelné opěrky hlavy","Venkovní vířivky vyrobené v Kanadě určené pro nejdrsnější klima na světě. Nastavitelné opěrky hlavy ve vířivkách Arctic Spas.","content_page","review_migrate_page","","Obsahova stranka; klasifikovat v migracni mape.","112",""
"https://www.arctic-spas.cz/operky-hlavy-core.php","https://www.arctic-spas.cz/operky-hlavy-core.php","200","text/html","Opěrky hlavy - Arctic Spas","Opěrky hlavy","Venkovní vířivky vyrobené v Kanadě určené pro nejdrsnější klima na světě. Opěrky hlavy ve vířivkách Arctic Spas.","content_page","review_migrate_page","","Obsahova stranka; klasifikovat v migracni mape.","112",""
"https://www.arctic-spas.cz/ozonova-desinfekce-peak.php","https://www.arctic-spas.cz/ozonova-desinfekce-peak.php","200","text/html","Peak - ozónová desinfekce","Systém Peak Ozone","Venkovní vířivky vyrobené v Kanadě určené pro nejdrsnější klima na světě. Osvětlení vířivky, možnosti.","content_page","review_migrate_page","","Obsahova stranka; klasifikovat v migracni mape.","112",""
"https://www.arctic-spas.cz/ozonova-uv-desinfekce.php","https://www.arctic-spas.cz/ozonova-uv-desinfekce.php","200","text/html","Aquanova - ozónová a UV desinfekce","Aquanova systém UV / OZON","Venkovní vířivky vyrobené v Kanadě určené pro nejdrsnější klima na světě. Osvětlení vířivky, možnosti.","content_page","review_migrate_page","","Obsahova stranka; klasifikovat v migracni mape.","112",""
"https://www.arctic-spas.cz/plavaci-systemy.php","https://www.arctic-spas.cz/plavaci-systemy.php","200","text/html","Systémy pro plavání ve swimspa","Systémy pro plavání","Venkovní vířivky vyrobené v Kanadě určené pro nejdrsnější klima na světě. Protiproudy a plavací systémy ve swimspa.","content_page","review_migrate_page","","Obsahova stranka; klasifikovat v migracni mape.","111",""
"https://www.arctic-spas.cz/podlaha-everlast.php","https://www.arctic-spas.cz/podlaha-everlast.php","200","text/html","Podlaha Everlast - vířivky Arctic Spas","Podlaha Everlast™","Venkovní vířivky vyrobené v Kanadě určené pro nejdrsnější klima na světě. Popis podlahy vířivky.","content_page","review_migrate_page","","Obsahova stranka; klasifikovat v migracni mape.","112",""
"https://www.arctic-spas.cz/podlaha-virivky.php","https://www.arctic-spas.cz/podlaha-virivky.php","200","text/html","Podlaha Forever Floor - vířivky Arctic Spas","Podlaha Forever Floor™ Vestavěný základ.","Venkovní vířivky vyrobené v Kanadě určené pro nejdrsnější klima na světě. Popis podlahy vířivky.","content_page","review_migrate_page","","Obsahova stranka; klasifikovat v migracni mape.","111",""
"https://www.arctic-spas.cz/potrubi.php","https://www.arctic-spas.cz/potrubi.php","200","text/html","Hadice a potrubí - Arctic Spas","Hadice Reflex Torsion Hose © ve vířivkách Arctic","Venkovní vířivky vyrobené v Kanadě určené pro nejdrsnější klima na světě. Popis používaných hadic ve vířivkách Arctic Spas.","content_page","review_migrate_page","","Obsahova stranka; klasifikovat v migracni mape.","111",""
"https://www.arctic-spas.cz/prislusenstvi-doplnky.php","https://www.arctic-spas.cz/prislusenstvi-doplnky.php","200","text/html","Příslušenství k vířivkám","Příslušenství a další sortiment","Venkovní i vnitřní luxusní vířivky ARCTIC SPAS. Vhodné příslušenství a doplňky pro venkovní vířivky.","product_other_sortiment","review_product_or_external","","Sirsi sortiment; overit full detail vs. landing/external shop.","86",""
"https://www.arctic-spas.cz/prodejna-bazeny-virivky.php","https://www.arctic-spas.cz/prodejna-bazeny-virivky.php","200","text/html","Prodejna vířivek","Showroom vířivek a bazénů","BASPA s.r.o. - vzorková prodejna bazénů, vířivek a příslušenství. Prodej vířivek Brno.","content_page","review_migrate_page","","Obsahova stranka; klasifikovat v migracni mape.","92",""
"https://www.arctic-spas.cz/sauny.php","https://www.arctic-spas.cz/sauny.php","200","text/html","Luxusní finské sauny","Sauny","Luxusní sauny na míru. Finské sauny i infrakabiny dělané na míru dle vaših požadavků.","product_other_sortiment","review_product_or_external","","Sirsi sortiment; overit full detail vs. landing/external shop.","89",""
"https://www.arctic-spas.cz/sds.php","https://www.arctic-spas.cz/sds.php","200","text/html","SDS silná masáž, terapie - Arctic Spas","Super Duper ve vířivkách Arctic","Venkovní vířivky vyrobené v Kanadě určené pro nejdrsnější klima na světě. Komfort a hydroterapie ve vířivce.","content_page","review_migrate_page","","Obsahova stranka; klasifikovat v migracni mape.","112",""
"https://www.arctic-spas.cz/servis.php","https://www.arctic-spas.cz/servis.php","200","text/html","Servis vířivek Arctic Spas","Servis vířivek Arctic Spas","Vířivky Arctic Spas. Stránka servisu vířivek Arctic Spas, kontaktní formulář.","content_page","review_migrate_page","","Obsahova stranka; klasifikovat v migracni mape.","83",""
"https://www.arctic-spas.cz/servisni-pristup.php","https://www.arctic-spas.cz/servisni-pristup.php","200","text/html","Servisní přístup - Arctic Spas","Servisní přístup","Venkovní vířivky vyrobené v Kanadě určené pro nejdrsnější klima na světě. Servisní přístup pro případný servis či upgrade vířivky.","content_page","review_migrate_page","","Obsahova stranka; klasifikovat v migracni mape.","112",""
"https://www.arctic-spas.cz/servisni-pristup-core.php","https://www.arctic-spas.cz/servisni-pristup-core.php","200","text/html","Servisní přístup - Arctic Spas","Servisní přístup","Venkovní vířivky vyrobené v Kanadě určené pro nejdrsnější klima na světě. Servisní přístup pro případný servis či upgrade vířivky.","content_page","review_migrate_page","","Obsahova stranka; klasifikovat v migracni mape.","112",""
"https://www.arctic-spas.cz/skorepina-elastocast.php","https://www.arctic-spas.cz/skorepina-elastocast.php","200","text/html","Skořepina Elastocast - Arctic Spas","Samonosná skořepina Elastocast","Venkovní vířivky vyrobené v Kanadě určené pro nejdrsnější klima na světě. Popis skořepiny vířivky.","content_page","review_migrate_page","","Obsahova stranka; klasifikovat v migracni mape.","112",""
"https://www.arctic-spas.cz/skorepina-virivky.php","https://www.arctic-spas.cz/skorepina-virivky.php","200","text/html","Skořepina vířivky - Arctic Spas","Samonosná kompozitní skořepina s doživotní zárukou","Venkovní vířivky vyrobené v Kanadě určené pro nejdrsnější klima na světě. Popis skořepiny vířivky.","content_page","review_migrate_page","","Obsahova stranka; klasifikovat v migracni mape.","111",""
"https://www.arctic-spas.cz/skyfall.php","https://www.arctic-spas.cz/skyfall.php","200","text/html","Mlžný vodopád s LED podsvětlením","Mlžný vodopád Skyfall ®","Venkovní vířivky vyrobené v Kanadě určené pro nejdrsnější klima na světě. Skyfall je mlžný vodopád jako příplatkové příslušenství.","content_page","review_migrate_page","","Obsahova stranka; klasifikovat v migracni mape.","112",""
"https://www.arctic-spas.cz/sluzby.php","https://www.arctic-spas.cz/sluzby.php","200","text/html","Prodej a servis vířivek","Naše služby","Nabídka našich služeb pro váš komfort jak při nakupování, tak při používání vířivky.","content_page","review_migrate_page","","Obsahova stranka; klasifikovat v migracni mape.","90",""
"https://www.arctic-spas.cz/spa-boy.php","https://www.arctic-spas.cz/spa-boy.php","200","text/html","SpaBoy - automatická dezinfekce slané vody","Automatická péče o vodu Spa Boy™","Venkovní vířivky vyrobené v Kanadě určené pro nejdrsnější klima na světě. Automatická dezinfekce slané vody ve vířivce.","content_page","review_migrate_page","","Obsahova stranka; klasifikovat v migracni mape.","116",""
"https://www.arctic-spas.cz/stavebni-pripravenost.php","https://www.arctic-spas.cz/stavebni-pripravenost.php","200","text/html","Stavební příprava pro vířivky Arctic Spas","Stavební připravenost pro vířivky Arctic Spas","Stavební připravenost pro venkovní vířivky Arctic Spas. Popis podmínek jak stavebních, tak elektro přípojky.","content_page","review_migrate_page","","Obsahova stranka; klasifikovat v migracni mape.","96",""
"https://www.arctic-spas.cz/svetla.php","https://www.arctic-spas.cz/svetla.php","200","text/html","Osvětlení vířivky","Osvětlení vířivky LED","Venkovní vířivky vyrobené v Kanadě určené pro nejdrsnější klima na světě. Osvětlení vířivky, možnosti.","content_page","review_migrate_page","","Obsahova stranka; klasifikovat v migracni mape.","111",""
"https://www.arctic-spas.cz/termokryt-virivky.php","https://www.arctic-spas.cz/termokryt-virivky.php","200","text/html","Termokryt Mylovac - vířivky Arctic Spas","Mylovac™ Nejlepší termokryt na světě.","Venkovní vířivky vyrobené v Kanadě určené pro nejdrsnější klima na světě. Popis termokrytu vířivky.","content_page","review_migrate_page","","Obsahova stranka; klasifikovat v migracni mape.","111",""
"https://www.arctic-spas.cz/termokryt-virivky-core.php","https://www.arctic-spas.cz/termokryt-virivky-core.php","200","text/html","Termokryt Vacseal - vířivky Arctic Spas","Termokryt vířivky","Venkovní vířivky vyrobené v Kanadě určené pro nejdrsnější klima na světě. Popis termokrytu vířivky.","content_page","review_migrate_page","","Obsahova stranka; klasifikovat v migracni mape.","113",""
"https://www.arctic-spas.cz/topne-teleso.php","https://www.arctic-spas.cz/topne-teleso.php","200","text/html","Ohřev vody - topné těleso - Arctic Spas","Ohřev Titanium™","Venkovní vířivky vyrobené v Kanadě určené pro nejdrsnější klima na světě. Popis ohřevu ve vířvkách Arctic Spas.","content_page","review_migrate_page","","Obsahova stranka; klasifikovat v migracni mape.","112",""
"https://www.arctic-spas.cz/trysky.php","https://www.arctic-spas.cz/trysky.php","200","text/html","Rotační trysky - Arctic Spas","Trysky Pepperleaf Pulse™","Venkovní vířivky vyrobené v Kanadě určené pro nejdrsnější klima na světě. Popis používaných trysek ve vířivkách Arctic Spas.","content_page","review_migrate_page","","Obsahova stranka; klasifikovat v migracni mape.","112",""
"https://www.arctic-spas.cz/trysky-core.php","https://www.arctic-spas.cz/trysky-core.php","200","text/html","Rotační trysky - Arctic Spas","Trysky Pepperleaf Pulse™","Venkovní vířivky vyrobené v Kanadě určené pro nejdrsnější klima na světě. Popis používaných trysek ve vířivkách Arctic Spas.","content_page","review_migrate_page","","Obsahova stranka; klasifikovat v migracni mape.","112",""
"https://www.arctic-spas.cz/trysky-ripple.php","https://www.arctic-spas.cz/trysky-ripple.php","200","text/html","Trysky Ripple - Arctic Spas","Trysky Ripple Jet nové nízkoprofilové trysky","Venkovní vířivky vyrobené v Kanadě určené pro nejdrsnější klima na světě. Popis používaných trysek ve vířivkách Arctic Spas řady Custom","content_page","review_migrate_page","","Obsahova stranka; klasifikovat v migracni mape.","113",""
"https://www.arctic-spas.cz/uprava-vody.php","https://www.arctic-spas.cz/uprava-vody.php","200","text/html","Úprava vody ve vířivkách","Základy úpravy vody ve vířivce","Úprava vody ve vířivkách, dezinfekce, filtrace, bazénová chemie.","content_page","review_migrate_page","","Obsahova stranka; klasifikovat v migracni mape.","95",""
"https://www.arctic-spas.cz/variabilita.php","https://www.arctic-spas.cz/variabilita.php","200","text/html","Varianty vířivek - Arctic Spas","Variabilita výběr možností bez kompromisu","Venkovní vířivky vyrobené v Kanadě určené pro nejdrsnější klima na světě. Až 2,4 miliónu kombinací na výběr.","content_page","review_migrate_page","","Obsahova stranka; klasifikovat v migracni mape.","111",""
"https://www.arctic-spas.cz/venkovni-virivky-arctic-vyhody.php","https://www.arctic-spas.cz/venkovni-virivky-arctic-vyhody.php","200","text/html","Výhody venkovních vířivek Arctic Spas","Výhody venkovních vířivek a swimspa Arctic","Venkovní i vnitřní luxusní vířivky ARCTIC SPAS. Kanadské vířivky pro nejdrsnější klima na světě.","content_page","review_migrate_page","","Obsahova stranka; klasifikovat v migracni mape.","89",""
"https://www.arctic-spas.cz/virivka-aurora.php","https://www.arctic-spas.cz/arctic-virivky.php#core","200","text/html","Venkovní vířivky Arctic Spas","Venkovní vířivky Arctic Spas","Venkovní i vnitřní luxusní vířivky ARCTIC SPAS. Seznam modelů a jejich půdorysné fotografie pro jednoduchou orientaci. Třídění podle velikosti.","retired","redirect_only","/virivky/","Nemigrovat jako aktivni produkt podle briefu; zachytit kvuli SEO/UX.","122",""
"https://www.arctic-spas.cz/virivka-cub.php","https://www.arctic-spas.cz/virivka-cub.php","200","text/html","Vířivka Cub - Arctic Spas - řada Custom","Venkovní vířivka Cub","Venkovní vířivky vyrobené v Kanadě určené pro nejdrsnější klima na světě. Model vířivky Cub. Popis, parametry, vybavení.","product_hot_tub","migrate_product","","Aktivni virivka.","217",""
"https://www.arctic-spas.cz/virivka-eagle.php","https://www.arctic-spas.cz/virivka-eagle.php","200","text/html","Vířivka Eagle - Arctic Spas - řada Classic","Venkovní vířivka Eagle","Venkovní vířivky vyrobené v Kanadě určené pro nejdrsnější klima na světě. Model vířivky Eagle. Popis, parametry, vybavení.","product_hot_tub","migrate_product","","Aktivni virivka.","196",""
"https://www.arctic-spas.cz/virivka-ellesmere.php","https://www.arctic-spas.cz/arctic-virivky.php#core","200","text/html","Venkovní vířivky Arctic Spas","Venkovní vířivky Arctic Spas","Venkovní i vnitřní luxusní vířivky ARCTIC SPAS. Seznam modelů a jejich půdorysné fotografie pro jednoduchou orientaci. Třídění podle velikosti.","retired","redirect_only","/virivky/","Nemigrovat jako aktivni produkt podle briefu; zachytit kvuli SEO/UX.","122",""
"https://www.arctic-spas.cz/virivka-fox.php","https://www.arctic-spas.cz/virivka-fox.php","200","text/html","Vířivka Arctic Fox - Arctic Spas - řada Custom","Venkovní vířivka Arctic Fox","Venkovní vířivky vyrobené v Kanadě určené pro nejdrsnější klima na světě. Model vířivky Arctic Fox. Popis, parametry, vybavení.","product_hot_tub","migrate_product","","Aktivni virivka.","215",""
"https://www.arctic-spas.cz/virivka-frontier.php","https://www.arctic-spas.cz/virivka-frontier.php","200","text/html","Venkovní vířivky Arctic Spas","Venkovní vířivky Arctic Spas","Venkovní i vnitřní luxusní vířivky ARCTIC SPAS. Seznam modelů a jejich půdorysné fotografie pro jednoduchou orientaci. Třídění podle velikosti.","content_page","review_migrate_page","","Obsahova stranka; klasifikovat v migracni mape.","122",""
"https://www.arctic-spas.cz/virivka-grizzly.php","https://www.arctic-spas.cz/arctic-virivky.php#core","200","text/html","Venkovní vířivky Arctic Spas","Venkovní vířivky Arctic Spas","Venkovní i vnitřní luxusní vířivky ARCTIC SPAS. Seznam modelů a jejich půdorysné fotografie pro jednoduchou orientaci. Třídění podle velikosti.","retired","redirect_only","/virivky/","Nemigrovat jako aktivni produkt podle briefu; zachytit kvuli SEO/UX.","122",""
"https://www.arctic-spas.cz/virivka-husky.php","https://www.arctic-spas.cz/virivka-husky.php","200","text/html","Vířivka Husky - Arctic Spas - řada Core","Venkovní vířivka Husky","Venkovní vířivky vyrobené v Kanadě určené pro nejdrsnější klima na světě. Model vířivky Husky. Popis, parametry, vybavení.","product_hot_tub","migrate_product","","Aktivni virivka.","182",""
"https://www.arctic-spas.cz/virivka-klondiker.php","https://www.arctic-spas.cz/virivka-klondiker.php","200","text/html","Vířivka Klondiker - Arctic Spas - řada Custom","Venkovní vířivka Klondiker","Venkovní vířivky vyrobené v Kanadě určené pro nejdrsnější klima na světě. Model vířivky Klondiker. Popis, parametry, vybavení.","product_hot_tub","migrate_product","","Aktivni virivka.","218",""
"https://www.arctic-spas.cz/virivka-kodiak.php","https://www.arctic-spas.cz/virivka-kodiak.php","200","text/html","Vířivka Kodiak - Arctic Spas - řada Custom","Venkovní vířivka Kodiak","Venkovní vířivky vyrobené v Kanadě určené pro nejdrsnější klima na světě. Model vířivky Kodiak. Popis, parametry, vybavení.","product_hot_tub","migrate_product","","Aktivni virivka.","218",""
"https://www.arctic-spas.cz/virivka-lunar.php","https://www.arctic-spas.cz/virivka-lunar.php","200","text/html","Vířivka Lunar - Arctic Spas - řada Core","Venkovní vířivka Lunar","Modelová řada Core je esencí základních hodnot značky Arctic Spas. Model vířivky Lunar. Popis, parametry, vybavení.","product_hot_tub","migrate_product","","Aktivni virivka.","182",""
"https://www.arctic-spas.cz/virivka-mckinley.php","https://www.arctic-spas.cz/virivka-mckinley.php","200","text/html","Vířivka McKinley - Arctic Spas - řada Classic","Venkovní vířivka McKinley","Venkovní vířivky vyrobené v Kanadě určené pro nejdrsnější klima na světě. Model vířivky McKinley. Popis, parametry, vybavení.","product_hot_tub","migrate_product","","Aktivni virivka.","196",""
"https://www.arctic-spas.cz/virivka-mustang.php","https://www.arctic-spas.cz/virivka-mustang.php","200","text/html","Vířivka Mustang - Arctic Spas - řada Classic","Venkovní vířivka Mustang","Venkovní vířivky vyrobené v Kanadě určené pro nejdrsnější klima na světě. Model vířivky Mustang. Popis, parametry, vybavení.","product_hot_tub","migrate_product","","Aktivni virivka.","196",""
"https://www.arctic-spas.cz/virivka-orca.php","https://www.arctic-spas.cz/arctic-virivky.php#core","200","text/html","Venkovní vířivky Arctic Spas","Venkovní vířivky Arctic Spas","Venkovní i vnitřní luxusní vířivky ARCTIC SPAS. Seznam modelů a jejich půdorysné fotografie pro jednoduchou orientaci. Třídění podle velikosti.","retired","redirect_only","/virivky/","Nemigrovat jako aktivni produkt podle briefu; zachytit kvuli SEO/UX.","122",""
"https://www.arctic-spas.cz/virivka-orion.php","https://www.arctic-spas.cz/virivka-orion.php","200","text/html","Vířivka Orion - Arctic Spas - řada Core","Venkovní vířivka Orion","Modelová řada Core je esencí základních hodnot značky Arctic Spas. Model vířivky Orion. Popis, parametry, vybavení.","product_hot_tub","migrate_product","","Aktivni virivka.","182",""
"https://www.arctic-spas.cz/virivka-summit.php","https://www.arctic-spas.cz/virivka-summit.php","200","text/html","Vířivka Summit - Arctic Spas - řada Custom","Venkovní vířivka Summit","Venkovní vířivky vyrobené v Kanadě určené pro nejdrsnější klima na světě. Model vířivky Summit. Popis, parametry, vybavení.","product_hot_tub","migrate_product","","Aktivni virivka.","219",""
"https://www.arctic-spas.cz/virivka-summit-xl.php","https://www.arctic-spas.cz/virivka-summit-xl.php","200","text/html","Vířivka Summit XL - Arctic Spas - řada Custom","Venkovní vířivka Summit XL","Venkovní vířivky vyrobené v Kanadě určené pro nejdrsnější klima na světě. Model vířivky Summit XL. Popis, parametry, vybavení.","product_hot_tub","migrate_product","","Aktivni virivka.","218",""
"https://www.arctic-spas.cz/virivka-timberwolf.php","https://www.arctic-spas.cz/virivka-timberwolf.php","200","text/html","Vířivka Timberwolf - Arctic Spas - řada Classic","Venkovní vířivka Timberwolf","Venkovní vířivky vyrobené v Kanadě určené pro nejdrsnější klima na světě. Model vířivky Timberwolf. Popis, parametry, vybavení.","product_hot_tub","migrate_product","","Aktivni virivka.","196",""
"https://www.arctic-spas.cz/virivka-totem.php","https://www.arctic-spas.cz/virivka-totem.php","200","text/html","Vířivka Totem - Arctic Spas - řada Classic","Venkovní vířivka Totem","Venkovní vířivky vyrobené v Kanadě určené pro nejdrsnější klima na světě. Model vířivky Totem. Popis, parametry, vybavení.","product_hot_tub","migrate_product","","Aktivni virivka.","196",""
"https://www.arctic-spas.cz/virivka-tundra.php","https://www.arctic-spas.cz/virivka-tundra.php","200","text/html","Vířivka Tundra - Arctic Spas - řada Custom","Venkovní vířivka Tundra","Venkovní vířivky vyrobené v Kanadě určené pro nejdrsnější klima na světě. Model vířivky Tundra. Popis, parametry, vybavení.","product_hot_tub","migrate_product","","Aktivni virivka.","218",""
"https://www.arctic-spas.cz/virivka-yukon.php","https://www.arctic-spas.cz/virivka-yukon.php","200","text/html","Vířivka Yukon - Arctic Spas - řada Custom","Venkovní vířivka Yukon","Venkovní vířivky vyrobené v Kanadě určené pro nejdrsnější klima na světě. Model vířivky Yukon. Popis, parametry, vybavení.","product_hot_tub","migrate_product","","Aktivni virivka.","217",""
"https://www.arctic-spas.cz/virivky-arctic-jako-prvni.php","https://www.arctic-spas.cz/virivky-arctic-jako-prvni.php","200","text/html","Prvenství - Arctic Spas","Arctic jako první","Vířivky Arctic Spas stále přichází jako první s novými technologiemi. Zjistěte co za více než 20 let to bylo.","content_page","review_migrate_page","","Obsahova stranka; klasifikovat v migracni mape.","106",""
"https://www.arctic-spas.cz/virivky-dreammaker.php","https://www.arctic-spas.cz/virivky-dreammaker.php","200","text/html","Vířivky Dream Maker Spas","Vířivky Dream Maker Spas","Venkovní i vnitřní vířivky DMS. Americké vířivky vyráběné metodou rotačního tváření plastu. Oceněné agenturou Spasearch jako nejlepší volba.","retired","redirect_only","/virivky/","Nemigrovat jako aktivni produkt podle briefu; zachytit kvuli SEO/UX.","85",""
"https://www.arctic-spas.cz/vodopad.php","https://www.arctic-spas.cz/vodopad.php","200","text/html","Vodopád - vířivky Arctic Spas","Zážitkový vodopád","Venkovní vířivky vyrobené v Kanadě určené pro nejdrsnější klima na světě. Popis vodopádu vířivky.","content_page","review_migrate_page","","Obsahova stranka; klasifikovat v migracni mape.","112",""
"https://www.arctic-spas.cz/vodopad-core.php","https://www.arctic-spas.cz/vodopad-core.php","200","text/html","Vodopád - vířivky Arctic Spas","Zážitkový vodopád","Venkovní vířivky vyrobené v Kanadě určené pro nejdrsnější klima na světě. Popis vodopádu vířivky.","content_page","review_migrate_page","","Obsahova stranka; klasifikovat v migracni mape.","112",""
"https://www.arctic-spas.cz/zaruka.php","https://www.arctic-spas.cz/zaruka.php","200","text/html","Záruky - Arctic Spas","Záruka","Nastandardní záruky na vířivky Arctic Spas. Zjistěte více.","content_page","review_migrate_page","","Obsahova stranka; klasifikovat v migracni mape.","89",""
"https://www.arctic-spas.cz/zasady-zpracovani-osobnich-udaju.php","https://www.arctic-spas.cz/zasady-zpracovani-osobnich-udaju.php","200","text/html","Zásady zpracování osobních údajů","Zásady zpracování a ochrany osobních údajů","Zásady zpracování osobních údajů, GDPR.","content_page","review_migrate_page","","Obsahova stranka; klasifikovat v migracni mape.","82",""
"https://www.arctic-spas.cz/zvedak-termokrytu.php","https://www.arctic-spas.cz/zvedak-termokrytu.php","200","text/html","Zvedáky a držáky krytů vířivek","Zvedák - držák termokrytu","Venkovní vířivky vyrobené v Kanadě určené pro nejdrsnější klima na světě. Zvedáky krytu vířivky - popis jak si usnadnit manipulaci s termokrytem.","content_page","review_migrate_page","","Obsahova stranka; klasifikovat v migracni mape.","112",""
